date,open,high,low,close
2000-12-26,64.11,64.19,63.04,63.35
2001-01-02,63.33,65.47,62.97,65.41
2001-01-03,64.28,65.79,63.99,65.38
2001-01-04,69.19,71.37,69.19,70.14
2001-01-05,70.32,73.23,69.74,73.15
2001-01-08,72.12,74.01,71.98,73.83
2001-01-09,73.41,74.2,71.96,74.2
2001-01-10,73.77,74.66,70.49,70.49
2001-01-11,71.5,71.76,70.09,70.38
2001-01-12,72.7,75.69,72.7,74.04
2001-01-15,74.97,76.75,74.24,75.58
2001-01-16,75.79,76.83,74.19,76.16
2001-01-17,75.78,77.07,74.08,75.25
2001-01-18,75.45,77.53,75.35,76.39
2001-01-19,78.86,78.93,77.7,78.6
2001-01-22,78.96,79.47,77.74,79.47
2001-01-26,78.87,78.93,74.64,74.64
2001-01-29,74.76,75.43,74.05,75.16
2001-01-30,75.76,76.68,74.44,74.44
2001-01-31,74.9,77.98,74.77,77.98
2001-02-01,76.45,78.39,76.32,77.27
2001-02-02,77.55,77.83,75.87,76.7
2001-02-05,74.9,74.98,72.4,72.87
2001-02-06,72.61,73.91,72.1,73.81
2001-02-07,73.58,73.58,72.15,72.44
2001-02-08,72.55,74.5,72.55,74.5
2001-02-09,74.06,75.39,73.09,74.91
2001-02-12,73.94,75.88,73.37,75.4
2001-02-13,75.89,76.17,74.71,75.28
2001-02-14,74.77,76.4,74.38,75.9
2001-02-15,76.92,77.04,75.77,75.88
2001-02-16,76.2,76.93,75.98,76.08
2001-02-19,74.82,75.06,73.86,74.91
2001-02-20,74.73,76.39,74.35,76.36
2001-02-21,75.88,75.88,74.36,74.38
2001-02-22,73.68,73.68,71.41,72.93
2001-02-23,72.45,73.84,72.34,72.9
2001-02-26,73.02,73.53,72.44,73.09
2001-02-27,73.68,74.64,71.93,72.06
2001-02-28,71.24,72.6,71.2,72.14
2001-03-02,71.68,71.68,69.56,69.84
2001-03-05,68.58,70.76,68.58,70.76
2001-03-06,71.29,72.01,70.49,71.13
2001-03-07,71.94,72.27,70.78,71.12
2001-03-08,71.2,72.47,70.98,72.47
2001-03-09,71.46,71.65,70.14,70.55
2001-03-12,69.04,69.39,67.87,67.89
2001-03-13,65.75,66.45,65.08,65.82
2001-03-14,67.55,67.98,67.2,67.69
2001-03-15,65.2,67.64,65.1,67.57
2001-03-16,67.45,67.74,66.85,67.1
2001-03-19,66.17,67.43,65.76,66.51
2001-03-20,67.5,67.55,66.1,66.12
2001-03-21,64.7,66.26,64.66,66.26
2001-03-22,66.04,66.2,65.09,65.47
2001-03-23,66.12,67.15,66.04,67.01
2001-03-26,67.87,68.64,67.48,68.04
2001-03-27,68.07,68.07,66.25,66.25
2001-03-28,67.38,67.41,65.77,65.77
2001-03-29,65.05,66.24,64.77,65.18
2001-03-30,65.32,65.84,64.38,65.16
2001-04-02,64.78,65.01,63.74,64.12
2001-04-03,62.9,63.23,62.01,62.62
2001-04-04,61.75,62.37,61.4,61.42
2001-04-06,64.64,64.66,62.8,63.02
2001-04-09,62.6,63.02,61.81,61.81
2001-04-10,62.26,62.34,60.96,60.96
2001-04-11,62.8,63.35,62.32,63.19
2001-04-12,64.46,64.85,63.77,64.05
2001-04-13,64.64,64.65,63.75,64.25
2001-04-16,64.01,64.51,63.15,63.15
2001-04-17,62.95,64.2,62.79,63.92
2001-04-18,65.16,67.39,64.75,67.39
2001-04-19,71.03,72.97,69.94,70.55
2001-04-20,71.11,71.74,69.6,69.62
2001-04-23,69.99,71.0,69.62,70.26
2001-04-24,69.11,69.71,68.42,69.57
2001-04-25,69.17,71.01,68.94,71.01
2001-04-26,71.43,71.61,70.23,70.37
2001-04-27,70.3,70.67,69.27,69.67
2001-04-30,70.85,72.47,70.74,72.45
2001-05-02,73.63,73.74,72.83,73.29
2001-05-03,73.21,73.42,72.31,73.37
2001-05-04,72.19,73.51,72.19,73.51
2001-05-07,73.89,75.22,73.32,74.86
2001-05-08,74.59,75.02,74.06,74.09
2001-05-09,73.82,73.9,72.43,72.53
2001-05-10,72.54,73.22,72.4,72.77
2001-05-11,72.43,73.12,72.43,72.95
2001-05-14,73.19,73.61,72.56,72.99
2001-05-15,72.93,73.18,72.3,72.61
2001-05-16,72.22,73.2,71.44,71.46
2001-05-17,73.55,74.72,73.23,74.72
2001-05-18,74.48,75.25,74.05,75.25
2001-05-21,76.03,77.76,75.97,77.51
2001-05-22,78.8,78.99,77.37,77.37
2001-05-23,77.6,78.35,77.12,77.83
2001-05-24,76.69,77.96,76.48,77.66
2001-05-25,78.2,79.02,77.68,77.81
2001-05-28,77.25,77.58,76.98,77.05
2001-05-29,76.8,78.86,76.62,78.85
2001-05-30,78.47,78.54,77.33,78.33
2001-05-31,76.26,76.84,75.66,76.09
2001-06-01,76.49,76.68,74.94,75.34
2001-06-04,75.59,76.13,75.17,75.74
2001-06-05,75.91,76.23,74.13,74.13
2001-06-07,73.64,74.62,73.64,74.57
2001-06-08,75.55,77.22,75.52,77.19
2001-06-11,75.95,76.33,75.17,75.27
2001-06-12,74.89,75.78,74.69,75.08
2001-06-13,75.7,75.9,75.08,75.9
2001-06-14,75.71,77.09,75.36,75.69
2001-06-15,75.16,76.35,74.43,76.35
2001-06-18,76.15,76.41,74.72,74.85
2001-06-19,74.49,75.82,74.48,74.91
2001-06-20,74.18,74.3,72.98,73.19
2001-06-21,73.42,73.71,72.43,73.2
2001-06-22,73.45,74.1,72.86,73.59
2001-06-25,73.36,73.98,72.88,73.29
2001-06-26,73.23,73.39,71.96,72.29
2001-06-27,72.13,72.58,71.35,71.85
2001-06-28,72.0,72.65,71.59,71.63
2001-06-29,73.07,73.2,72.42,73.2
2001-07-02,72.87,73.61,72.84,73.4
2001-07-03,73.64,73.64,73.0,73.1
2001-07-04,72.67,73.55,72.09,73.55
2001-07-05,73.79,73.97,72.96,73.08
2001-07-06,71.56,72.03,71.12,71.18
2001-07-09,69.5,69.93,68.54,69.06
2001-07-10,69.45,69.75,68.68,68.82
2001-07-11,67.44,68.89,67.28,68.24
2001-07-12,69.26,69.8,68.88,68.88
2001-07-13,70.35,70.35,67.27,67.49
2001-07-16,67.87,68.26,67.0,67.53
2001-07-18,67.8,67.94,66.29,66.49
2001-07-19,65.72,67.34,65.72,67.34
2001-07-20,66.59,66.83,65.82,66.31
2001-07-23,65.97,66.43,64.59,64.85
2001-07-24,64.27,65.37,63.63,65.23
2001-07-25,64.35,65.4,63.91,65.18
2001-07-26,65.57,65.84,65.22,65.46
2001-07-27,66.45,67.18,66.17,66.96
2001-07-30,67.09,67.09,65.9,65.98
2001-07-31,66.17,66.98,65.85,66.98
2001-08-01,67.59,69.86,66.97,69.72
2001-08-02,70.08,70.92,69.0,70.34
2001-08-03,70.92,70.92,69.81,70.46
2001-08-06,69.95,71.05,69.77,70.46
2001-08-07,69.5,70.27,69.3,70.09
2001-08-08,70.12,70.21,69.24,69.89
2001-08-09,68.39,69.0,67.73,67.73
2001-08-10,68.57,68.87,68.08,68.52
2001-08-13,68.91,69.26,68.03,69.26
2001-08-14,69.66,71.24,69.62,71.23
2001-08-16,70.41,71.85,70.12,71.6
2001-08-17,71.8,72.13,71.05,71.56
2001-08-20,70.01,70.6,69.73,69.83
2001-08-21,70.36,70.49,69.08,69.93
2001-08-22,68.88,70.76,68.88,70.76
2001-08-23,71.2,71.44,70.04,70.25
2001-08-24,70.54,70.72,69.6,70.26
2001-08-27,71.32,72.35,70.95,71.53
2001-08-28,71.44,71.48,70.79,71.22
2001-08-29,70.34,70.53,69.76,70.07
2001-08-30,68.88,69.81,68.71,69.81
2001-08-31,68.4,68.56,67.06,67.42
2001-09-03,67.35,67.68,66.65,67.05
2001-09-04,67.17,69.22,66.8,69.22
2001-09-05,68.12,68.47,67.74,68.24
2001-09-06,68.25,69.16,68.1,68.23
2001-09-07,67.48,68.56,67.19,68.5
2001-09-10,67.53,67.91,67.07,67.84
2001-09-11,67.8,68.17,66.44,66.55
2001-09-12,60.15,61.97,58.48,58.59
2001-09-13,60.92,61.58,59.84,61.58
2001-09-14,61.3,61.3,58.53,59.73
2001-09-17,58.77,58.94,57.78,58.36
2001-09-18,59.88,60.24,59.29,60.07
2001-09-19,59.91,60.78,59.39,60.15
2001-09-20,59.6,59.6,58.48,59.34
2001-09-21,57.56,58.23,57.17,58.23
2001-09-24,58.32,59.43,58.12,59.43
2001-09-25,60.55,60.58,57.95,58.17
2001-09-26,58.26,58.5,57.6,58.19
2001-09-27,57.44,58.03,57.02,58.03
2001-09-28,58.44,59.43,58.02,58.91
2001-10-04,61.35,61.68,60.83,61.61
2001-10-05,61.52,61.82,61.08,61.82
2001-10-08,61.3,61.74,60.76,61.04
2001-10-09,61.65,62.71,61.65,62.48
2001-10-10,61.84,62.14,61.5,61.94
2001-10-11,63.39,63.99,63.24,63.71
2001-10-12,64.88,64.89,62.87,63.59
2001-10-15,63.2,63.69,62.88,63.2
2001-10-16,63.24,64.26,63.18,64.2
2001-10-17,64.96,65.22,64.22,64.99
2001-10-18,64.23,64.79,63.84,64.54
2001-10-19,64.32,65.28,64.1,64.98
2001-10-22,65.46,65.46,64.36,64.96
2001-10-23,65.61,66.25,65.27,65.27
2001-10-24,65.62,66.89,65.45,66.81
2001-10-25,66.98,67.26,66.51,66.89
2001-10-26,67.28,67.55,66.61,67.09
2001-10-29,67.76,68.1,67.19,67.73
2001-10-30,66.61,66.75,65.87,65.98
2001-10-31,65.57,66.44,65.45,66.44
2001-11-01,66.81,67.51,66.19,67.24
2001-11-02,67.74,68.55,67.72,68.09
2001-11-05,68.73,69.53,68.36,69.53
2001-11-06,70.25,70.62,70.03,70.03
2001-11-07,70.22,70.34,69.41,69.57
2001-11-08,69.96,71.31,69.95,71.05
2001-11-09,71.36,71.95,70.61,71.6
2001-11-12,72.25,72.52,71.41,72.52
2001-11-13,72.05,73.29,71.63,73.18
2001-11-14,73.99,75.52,73.72,75.52
2001-11-15,74.82,76.37,74.78,75.54
2001-11-16,75.44,76.35,75.01,76.11
2001-11-19,76.01,78.6,76.01,78.13
2001-11-20,78.64,79.33,76.38,76.64
2001-11-21,75.74,77.32,75.65,76.55
2001-11-22,76.89,77.78,75.8,77.78
2001-11-23,78.18,80.83,78.16,80.55
2001-11-26,81.74,84.2,81.7,84.2
2001-11-27,84.16,85.02,82.53,83.65
2001-11-28,82.57,82.99,78.58,78.77
2001-11-29,77.75,79.85,76.67,78.07
2001-11-30,80.37,80.78,79.61,80.03
2001-12-03,79.96,81.28,78.32,80.83
2001-12-04,80.56,81.59,79.72,80.78
2001-12-05,82.54,87.26,82.54,86.14
2001-12-06,88.59,89.8,84.85,85.84
2001-12-07,86.49,88.84,85.39,88.25
2001-12-10,87.78,87.9,83.02,83.41
2001-12-11,82.26,83.82,81.71,83.64
2001-12-12,83.22,85.45,81.96,85.2
2001-12-13,85.37,85.6,83.31,84.36
2001-12-14,83.1,84.31,82.19,82.7
2001-12-17,82.15,82.26,80.2,80.56
2001-12-18,81.58,82.55,79.59,80.18
2001-12-19,81.44,81.64,80.22,80.79
2001-12-20,81.1,83.35,80.16,83.04
2001-12-21,81.41,81.61,80.0,80.43
2001-12-24,80.82,81.85,80.12,80.7
2001-12-26,81.22,81.92,81.06,81.76
2001-12-27,81.29,84.28,80.74,83.71
2001-12-28,85.3,87.29,85.3,86.97
2002-01-02,87.5,91.2,86.47,91.18
2002-01-03,91.42,92.61,90.83,91.52
2002-01-04,93.81,94.7,93.16,94.24
2002-01-07,94.25,95.43,92.43,94.57
2002-01-08,93.98,94.34,92.21,92.21
2002-01-09,91.84,94.44,91.45,94.44
2002-01-10,93.87,94.26,90.97,90.97
2002-01-11,92.23,92.94,89.82,90.96
2002-01-14,90.18,93.35,90.18,93.35
2002-01-15,91.83,91.83,89.62,89.98
2002-01-16,89.93,90.69,88.99,88.99
2002-01-17,88.02,89.65,87.37,89.27
2002-01-18,89.18,89.9,88.19,88.63
2002-01-21,88.13,89.72,87.63,89.72
2002-01-22,90.25,91.51,89.71,90.64
2002-01-23,89.46,92.93,89.3,92.9
2002-01-24,93.81,95.63,93.6,94.88
2002-01-25,96.38,98.4,95.95,97.06
2002-01-28,98.69,98.69,96.64,97.42
2002-01-29,97.35,97.82,95.95,96.48
2002-01-30,93.2,94.57,92.84,93.34
2002-01-31,94.77,94.9,92.31,92.99
2002-02-01,94.24,94.82,91.99,92.46
2002-02-04,92.32,93.15,90.81,91.01
2002-02-05,89.81,92.34,89.6,92.34
2002-02-06,91.83,92.98,91.76,92.47
2002-02-07,91.82,93.19,90.33,90.74
2002-02-08,91.15,92.26,90.0,92.26
2002-02-14,95.53,99.99,95.31,99.99
2002-02-15,97.96,99.46,97.74,98.0
2002-02-18,97.99,99.53,97.86,98.82
2002-02-19,99.3,99.76,97.49,97.81
2002-02-20,96.76,97.62,96.17,97.11
2002-02-21,98.65,98.75,96.47,98.52
2002-02-22,96.79,99.19,96.59,99.11
2002-02-25,99.64,100.34,98.27,99.0
2002-02-26,100.96,101.56,99.48,100.23
2002-02-27,100.11,102.97,100.11,102.97
2002-02-28,103.3,103.5,102.0,102.62
2002-03-04,105.51,106.18,104.41,104.41
2002-03-05,106.21,106.21,104.58,105.51
2002-03-06,105.24,106.62,104.74,105.57
2002-03-07,106.14,106.4,103.21,103.65
2002-03-08,103.61,104.22,101.81,103.04
2002-03-11,103.4,103.67,102.03,103.09
2002-03-12,102.69,105.57,102.69,105.57
2002-03-13,105.01,106.67,104.61,105.94
2002-03-14,105.51,106.92,103.09,106.92
2002-03-15,105.5,108.05,105.17,107.06
2002-03-18,109.08,109.23,107.21,107.99
2002-03-19,108.34,110.68,107.95,110.6
2002-03-20,111.25,112.39,109.61,110.31
2002-03-21,108.72,110.81,108.72,110.09
2002-03-22,110.72,113.34,109.86,111.79
2002-03-25,112.4,112.66,109.43,109.43
2002-03-26,108.49,110.15,108.47,109.85
2002-03-27,110.68,112.9,110.18,112.68
2002-03-28,112.99,114.33,111.39,111.39
2002-03-29,112.73,113.2,111.57,111.84
2002-04-01,112.53,112.53,109.14,109.28
2002-04-02,109.68,113.24,108.64,113.24
2002-04-03,112.41,115.01,112.14,114.79
2002-04-04,113.9,114.91,113.35,114.53
2002-04-08,114.67,115.44,112.05,112.08
2002-04-09,112.37,112.56,110.11,110.7
2002-04-10,109.89,109.89,106.59,106.67
2002-04-11,107.05,109.0,106.31,107.5
2002-04-12,106.78,109.55,106.59,109.51
2002-04-15,110.01,112.46,109.81,112.04
2002-04-16,112.32,113.42,111.53,112.97
2002-04-17,115.32,117.23,115.18,116.9
2002-04-18,116.31,118.23,116.02,117.66
2002-04-19,117.49,118.01,115.54,115.75
2002-04-22,116.61,118.61,114.58,115.63
2002-04-23,115.33,116.9,114.17,116.66
2002-04-24,116.12,116.88,114.31,115.7
2002-04-25,113.48,114.14,110.37,110.37
2002-04-26,110.19,111.03,108.98,109.55
2002-04-29,106.84,108.76,104.98,105.61
2002-04-30,105.98,106.82,104.55,106.39
2002-05-02,107.96,108.33,106.26,108.15
2002-05-03,107.07,107.94,104.89,107.55
2002-05-06,105.42,105.65,103.5,103.5
2002-05-07,101.86,103.68,101.53,103.68
2002-05-08,105.34,106.91,105.07,106.02
2002-05-09,108.67,109.29,104.92,104.92
2002-05-10,104.51,105.54,101.56,102.23
2002-05-13,101.07,103.62,100.57,102.83
2002-05-14,104.54,105.31,103.84,105.31
2002-05-15,107.02,109.16,107.02,108.65
2002-05-16,108.5,109.26,107.76,108.05
2002-05-17,109.3,110.79,109.2,110.36
2002-05-20,110.46,110.73,108.77,108.91
2002-05-21,107.9,108.58,105.0,105.19
2002-05-22,105.21,108.76,104.13,108.76
2002-05-23,108.1,108.68,106.08,106.39
2002-05-24,107.51,108.55,107.37,107.84
2002-05-27,107.28,108.71,105.47,106.06
2002-05-28,106.8,107.46,105.39,107.36
2002-05-29,106.06,106.13,103.77,105.65
2002-05-30,104.42,105.21,102.78,103.28
2002-05-31,103.18,103.92,100.61,100.8
2002-06-03,100.54,102.31,99.63,101.93
2002-06-04,99.91,102.19,99.39,102.07
2002-06-05,102.95,103.52,102.12,102.29
2002-06-07,100.16,100.81,99.37,100.37
2002-06-10,101.38,102.85,101.23,102.4
2002-06-11,102.14,102.81,101.08,102.66
2002-06-12,101.86,103.14,101.54,103.14
2002-06-14,102.8,104.38,102.78,103.05
2002-06-17,103.34,103.88,101.39,101.39
2002-06-18,103.41,103.86,101.46,101.48
2002-06-19,101.12,102.2,96.66,97.43
2002-06-20,96.63,97.9,95.92,97.47
2002-06-21,96.23,98.37,95.11,97.72
2002-06-24,96.36,97.18,94.89,96.58
2002-06-25,97.36,98.01,95.0,95.29
2002-06-26,92.69,92.69,88.24,88.61
2002-06-27,90.74,91.26,88.81,89.72
2002-06-28,91.44,94.39,91.28,93.69
2002-07-02,91.16,94.64,90.94,94.08
2002-07-03,93.33,95.15,92.35,94.87
2002-07-04,95.98,96.82,94.94,96.82
2002-07-05,96.77,100.56,96.77,99.34
2002-07-08,101.78,101.82,98.11,98.66
2002-07-09,99.3,101.05,98.78,101.05
2002-07-10,100.1,101.07,99.4,99.86
2002-07-11,98.26,98.27,95.91,95.91
2002-07-12,97.99,99.79,97.48,99.7
2002-07-15,99.02,100.66,98.05,98.51
2002-07-16,98.79,99.72,96.57,97.03
2002-07-18,97.34,98.16,96.85,97.36
2002-07-19,95.48,95.86,93.59,94.9
2002-07-22,91.15,92.64,90.49,90.71
2002-07-23,90.06,93.56,89.19,93.56
2002-07-24,91.0,91.3,89.84,90.78
2002-07-25,94.77,94.77,90.84,90.84
2002-07-26,89.92,90.73,86.19,87.38
2002-07-29,88.18,88.72,87.05,87.8
2002-07-30,90.78,91.87,90.73,90.95
2002-07-31,91.1,91.4,90.05,90.16
2002-08-01,90.56,90.56,88.06,88.77
2002-08-02,86.95,88.31,86.32,87.81
2002-08-05,86.46,86.66,84.13,84.58
2002-08-06,82.65,84.55,82.65,84.42
2002-08-07,85.83,86.35,84.76,85.0
2002-08-08,85.63,86.01,84.68,85.58
2002-08-09,87.46,88.32,86.51,86.6
2002-08-12,86.79,87.95,86.53,86.92
2002-08-13,86.85,88.81,86.63,88.8
2002-08-14,87.57,89.59,87.38,89.19
2002-08-16,90.94,91.59,89.84,90.21
2002-08-19,90.88,91.74,89.57,90.17
2002-08-20,92.16,93.22,91.9,92.72
2002-08-21,92.42,94.05,91.99,93.84
2002-08-22,94.34,94.68,93.52,93.86
2002-08-23,94.16,94.9,92.97,93.22
2002-08-26,92.05,92.75,91.86,92.4
2002-08-27,92.68,92.73,90.82,90.92
2002-08-28,90.16,91.93,90.16,90.89
2002-08-29,90.49,91.06,89.96,91.06
2002-08-30,91.2,92.55,90.47,92.55
2002-09-02,92.98,94.54,92.74,94.54
2002-09-03,94.63,94.98,92.99,93.01
2002-09-04,91.2,91.48,89.89,90.67
2002-09-05,91.67,91.68,90.19,90.25
2002-09-06,89.6,90.15,88.47,88.76
2002-09-09,89.56,89.83,87.33,87.58
2002-09-10,88.08,89.67,88.08,89.67
2002-09-11,90.3,91.39,90.0,91.14
2002-09-12,91.22,93.13,90.86,93.13
2002-09-13,91.4,91.57,90.08,90.3
2002-09-16,90.72,90.73,87.94,88.43
2002-09-17,89.84,91.38,89.09,91.37
2002-09-18,88.87,89.16,87.81,88.4
2002-09-19,88.55,89.89,88.14,88.41
2002-09-23,86.83,86.96,84.89,85.18
2002-09-24,83.62,85.01,83.5,84.39
2002-09-25,84.01,84.05,81.86,82.6
2002-09-26,84.55,84.98,82.8,83.24
2002-09-27,83.57,84.53,83.05,83.43
2002-09-30,81.09,81.6,80.43,81.37
2002-10-01,80.31,82.06,80.2,82.03
2002-10-02,83.9,83.93,81.25,81.5
2002-10-04,80.8,82.43,80.17,81.91
2002-10-07,81.03,81.03,78.8,78.83
2002-10-08,78.74,79.89,78.37,79.89
2002-10-09,80.15,80.15,77.84,78.02
2002-10-10,76.86,77.31,73.35,73.35
2002-10-11,75.83,76.04,72.38,73.86
2002-10-14,76.09,77.67,75.96,77.27
2002-10-15,78.11,79.85,77.05,79.21
2002-10-16,80.68,80.7,79.34,80.1
2002-10-17,79.75,81.59,78.73,81.16
2002-10-18,83.23,84.97,82.73,84.5
2002-10-21,83.9,84.16,82.11,82.11
2002-10-22,83.78,83.82,79.48,80.34
2002-10-23,80.53,82.78,79.24,82.77
2002-10-24,83.31,83.94,81.88,82.48
2002-10-25,81.35,83.51,81.34,82.65
2002-10-28,84.1,85.89,83.77,85.61
2002-10-29,85.21,86.23,84.82,84.93
2002-10-30,84.81,84.86,82.17,82.97
2002-10-31,83.79,84.57,82.32,83.1
2002-11-01,82.21,82.9,81.43,81.65
2002-11-04,83.51,85.04,83.05,85.04
2002-11-05,85.03,85.29,83.47,84.01
2002-11-06,85.21,86.51,85.02,86.4
2002-11-07,85.83,87.21,85.23,86.25
2002-11-08,84.47,85.45,83.96,85.45
2002-11-11,84.71,84.71,82.71,83.15
2002-11-12,81.42,83.05,81.25,82.74
2002-11-13,82.94,83.27,81.69,82.65
2002-11-14,82.97,83.4,82.19,82.42
2002-11-15,84.7,85.34,84.19,85.26
2002-11-18,85.25,85.94,84.25,84.48
2002-11-19,83.97,85.24,83.94,85.06
2002-11-20,84.75,86.64,84.41,86.5
2002-11-21,88.28,88.85,87.57,87.65
2002-11-22,89.47,89.51,87.92,87.97
2002-11-25,88.3,89.82,88.23,89.68
2002-11-26,89.63,89.79,88.47,89.11
2002-11-27,88.08,90.02,88.05,89.87
2002-11-28,91.33,92.2,90.61,90.72
2002-11-29,91.39,92.05,90.51,92.05
2002-12-02,92.01,92.85,91.31,92.67
2002-12-03,92.71,93.68,92.22,93.52
2002-12-04,91.92,92.01,90.44,90.62
2002-12-05,90.76,91.69,89.77,91.68
2002-12-06,90.8,91.71,90.28,91.03
2002-12-09,91.3,91.59,89.36,89.84
2002-12-10,88.18,89.4,88.0,89.02
2002-12-11,89.37,89.67,88.14,88.51
2002-12-12,89.12,90.81,88.92,90.81
2002-12-13,90.04,90.26,88.9,89.81
2002-12-16,88.51,88.76,87.5,87.72
2002-12-17,89.22,89.51,88.97,89.37
2002-12-18,88.6,90.42,88.16,90.05
2002-12-20,89.46,90.59,89.22,90.19
2002-12-23,90.53,90.72,87.79,87.97
2002-12-24,87.62,88.15,85.82,86.31
2002-12-26,85.92,86.59,84.91,85.59
2002-12-27,83.84,85.15,83.54,83.72
2002-12-30,83.2,83.2,78.1,79.87
2003-01-02,80.59,81.0,79.29,80.72
2003-01-03,82.86,84.32,82.57,84.15
2003-01-06,84.65,85.07,83.69,84.92
2003-01-07,86.55,86.6,83.01,83.03
2003-01-08,83.57,84.15,82.83,82.97
2003-01-09,81.88,82.0,80.04,80.04
2003-01-10,81.79,81.96,78.61,79.93
2003-01-13,79.76,82.58,79.39,82.58
2003-01-14,82.24,83.15,81.46,82.79
2003-01-15,83.62,84.0,81.86,82.52
2003-01-16,81.35,82.7,80.83,82.58
2003-01-17,81.45,82.67,80.96,80.96
2003-01-20,79.82,80.76,79.63,80.72
2003-01-21,80.88,80.93,79.35,80.5
2003-01-22,79.74,80.37,78.52,79.23
2003-01-23,79.21,79.83,78.22,79.57
2003-01-24,79.63,80.22,76.94,77.54
2003-01-27,76.07,76.07,74.73,75.45
2003-01-28,75.14,76.46,74.97,76.46
2003-01-29,76.52,76.65,73.83,74.15
2003-01-30,74.92,75.49,74.44,75.22
2003-02-03,75.25,76.66,74.46,76.3
2003-02-04,76.5,76.93,75.74,76.7
2003-02-05,75.96,77.08,75.56,76.23
2003-02-06,76.37,76.57,74.32,74.74
2003-02-07,74.49,74.5,72.3,73.17
2003-02-10,72.6,73.48,72.44,73.16
2003-02-11,73.85,74.26,71.09,73.01
2003-02-12,72.62,74.02,72.55,74.02
2003-02-13,74.27,74.33,72.5,72.92
2003-02-14,72.82,73.11,71.79,72.86
2003-02-17,74.84,76.4,74.54,76.32
2003-02-18,76.39,76.93,75.24,76.55
2003-02-19,77.8,78.35,76.16,76.22
2003-02-20,76.32,77.0,75.88,76.89
2003-02-21,76.84,76.84,75.73,76.61
2003-02-24,77.31,78.77,77.31,78.32
2003-02-25,76.76,76.85,75.13,75.13
2003-02-26,75.4,75.83,74.65,74.83
2003-02-27,73.6,74.21,72.93,73.8
2003-02-28,74.28,74.51,72.56,72.85
2003-03-03,73.32,74.92,73.18,74.87
2003-03-04,73.65,73.73,72.6,73.07
2003-03-05,71.83,71.87,70.61,70.95
2003-03-06,71.57,71.58,69.88,70.37
2003-03-07,69.45,70.57,68.98,69.33
2003-03-10,69.32,69.7,68.82,69.26
2003-03-11,67.67,68.62,67.54,67.79
2003-03-12,67.65,68.06,66.76,67.65
2003-03-13,67.53,67.84,65.42,67.84
2003-03-14,69.81,69.95,68.08,68.51
2003-03-17,68.28,68.28,65.25,65.64
2003-03-18,68.5,68.77,67.12,68.49
2003-03-19,68.16,69.71,68.12,69.05
2003-03-20,70.63,72.43,69.87,72.4
2003-03-21,72.52,73.51,71.98,73.37
2003-03-24,73.76,73.76,72.33,72.58
2003-03-25,70.14,71.16,70.08,70.7
2003-03-26,71.6,72.0,70.13,70.58
2003-03-27,70.0,70.17,69.46,69.82
2003-03-28,70.22,70.77,69.21,70.77
2003-03-31,69.63,69.86,67.89,68.05
2003-04-01,67.19,68.41,66.66,68.4
2003-04-02,68.72,69.09,67.65,69.0
2003-04-03,70.7,70.77,69.06,69.28
2003-04-04,68.62,71.12,68.12,70.99
2003-04-07,72.16,75.11,71.64,74.63
2003-04-08,73.36,75.63,73.06,74.83
2003-04-09,74.0,74.17,72.44,72.45
2003-04-10,72.46,73.67,71.95,73.56
2003-04-11,73.45,76.12,73.04,74.22
2003-04-14,75.14,76.99,74.99,75.75
2003-04-15,77.33,77.56,76.34,77.13
2003-04-16,78.63,79.79,78.36,79.26
2003-04-17,78.35,79.04,77.99,78.11
2003-04-18,79.49,79.74,78.54,79.67
2003-04-21,79.54,80.04,78.44,79.06
2003-04-22,78.26,78.26,76.5,76.71
2003-04-23,77.48,77.87,76.04,76.06
2003-04-24,76.09,76.47,74.26,74.79
2003-04-25,73.47,73.47,71.29,72.07
2003-04-28,71.14,72.96,70.74,72.41
2003-04-29,73.92,76.39,73.71,76.15
2003-04-30,76.11,77.08,75.57,76.45
2003-05-02,76.57,76.87,74.15,76.12
2003-05-06,76.86,77.76,76.71,77.01
2003-05-07,77.87,78.9,77.3,78.85
2003-05-09,78.04,78.94,77.53,78.9
2003-05-12,80.58,81.33,80.33,80.45
2003-05-13,80.5,80.84,78.07,78.19
2003-05-14,77.7,78.52,77.04,77.57
2003-05-15,78.05,78.97,76.97,78.8
2003-05-16,78.73,79.17,77.16,77.56
2003-05-19,76.61,76.61,75.14,75.63
2003-05-20,74.27,76.41,74.09,76.4
2003-05-21,76.06,76.52,75.58,76.16
2003-05-22,75.92,77.13,74.9,75.43
2003-05-23,76.38,77.65,76.16,77.56
2003-05-26,77.47,78.96,77.03,78.39
2003-05-27,78.66,78.68,77.24,77.94
2003-05-28,79.91,80.15,79.02,79.82
2003-05-29,79.25,80.9,79.13,80.4
2003-05-30,80.34,80.85,79.61,80.53
2003-06-02,81.92,82.67,81.73,82.55
2003-06-03,81.57,81.83,80.5,80.95
2003-06-04,81.63,81.68,80.32,81.4
2003-06-05,82.38,82.46,81.62,81.74
2003-06-09,81.5,83.0,81.21,82.86
2003-06-10,82.2,83.21,82.02,82.77
2003-06-11,83.03,83.86,82.79,82.93
2003-06-12,83.86,84.36,83.24,83.82
2003-06-13,84.49,85.48,83.54,84.79
2003-06-16,84.28,84.57,83.44,83.72
2003-06-17,85.82,86.29,85.39,85.92
2003-06-18,85.76,86.8,85.59,86.04
2003-06-19,86.75,88.12,86.52,88.11
2003-06-20,87.27,88.16,87.22,87.55
2003-06-23,87.5,87.58,85.84,86.06
2003-06-24,84.71,84.9,84.12,84.67
2003-06-25,84.99,86.16,84.92,86.04
2003-06-26,85.32,86.88,85.23,86.37
2003-06-27,87.22,87.77,86.31,86.53
2003-06-30,86.04,86.2,85.1,85.47
2003-07-01,84.99,86.15,84.56,86.15
2003-07-02,87.25,87.78,86.93,87.61
2003-07-03,89.03,89.44,87.47,87.73
2003-07-04,87.75,88.7,87.43,88.59
2003-07-07,89.4,90.08,89.06,90.07
2003-07-08,91.58,91.58,90.36,90.69
2003-07-09,90.66,90.91,90.12,90.28
2003-07-10,89.74,90.93,89.61,89.61
2003-07-11,88.79,90.21,88.42,90.15
2003-07-14,90.81,92.39,90.29,92.32
2003-07-15,92.65,92.84,91.23,91.41
2003-07-16,92.4,92.65,90.9,91.9
2003-07-18,89.75,90.69,89.41,89.63
2003-07-21,89.6,90.07,88.68,88.88
2003-07-22,88.63,89.88,88.63,89.8
2003-07-23,90.2,90.34,88.85,89.21
2003-07-24,88.84,90.47,88.45,90.11
2003-07-25,89.5,90.41,89.22,90.34
2003-07-28,91.7,92.22,91.55,92.06
2003-07-29,92.12,92.75,91.72,92.73
2003-07-30,92.59,92.94,91.55,91.56
2003-07-31,91.91,92.19,91.05,91.52
2003-08-01,92.23,93.63,92.15,93.46
2003-08-04,92.45,93.08,92.14,92.31
2003-08-05,92.94,93.38,92.61,92.76
2003-08-06,91.27,91.6,90.57,90.84
2003-08-07,91.05,91.08,90.18,91.06
2003-08-08,91.12,91.35,90.24,90.24
2003-08-11,89.73,90.39,88.84,90.39
2003-08-12,90.71,90.86,89.73,89.92
2003-08-13,90.5,91.57,90.38,91.46
2003-08-14,91.58,93.38,91.48,93.38
2003-08-18,93.58,94.39,93.38,93.73
2003-08-19,95.81,95.83,94.9,95.2
2003-08-20,95.23,95.88,94.79,94.87
2003-08-21,95.48,97.18,95.48,97.18
2003-08-22,97.22,97.81,96.79,97.23
2003-08-25,97.13,98.02,96.87,97.45
2003-08-26,97.1,97.26,96.38,96.91
2003-08-27,97.53,98.32,97.28,97.64
2003-08-28,98.23,98.47,96.27,96.71
2003-08-29,97.22,97.68,95.91,97.59
2003-09-01,98.07,98.4,97.55,98.23
2003-09-02,98.8,98.86,98.12,98.54
2003-09-03,99.1,99.21,98.1,98.53
2003-09-04,98.75,99.02,98.22,98.26
2003-09-05,98.58,98.94,97.69,97.93
2003-09-08,97.7,98.06,97.24,97.89
2003-09-09,98.35,100.06,98.35,98.87
2003-09-15,98.52,98.85,96.94,96.94
2003-09-16,96.71,98.32,96.65,98.25
2003-09-17,99.32,99.45,98.39,98.7
2003-09-18,98.94,99.02,97.33,97.53
2003-09-19,98.57,98.68,95.72,96.13
2003-09-22,95.24,95.27,91.75,91.78
2003-09-23,91.7,92.44,90.2,92.3
2003-09-24,92.61,93.2,91.86,93.09
2003-09-25,90.84,91.8,89.73,91.66
2003-09-26,90.34,91.36,89.46,89.51
2003-09-29,89.47,89.73,88.25,89.37
2003-09-30,90.15,91.13,89.55,89.55
2003-10-01,88.65,90.63,88.38,90.63
2003-10-02,92.22,92.46,91.03,92.05
2003-10-06,93.17,93.57,92.54,93.06
2003-10-07,93.32,93.69,92.96,93.65
2003-10-08,94.19,94.24,92.89,93.1
2003-10-09,93.16,94.99,93.11,94.99
2003-10-10,94.81,98.24,94.81,97.98
2003-10-13,97.52,98.83,96.48,97.79
2003-10-14,98.65,99.86,98.63,99.11
2003-10-15,99.74,99.98,98.2,98.79
2003-10-16,98.07,100.56,97.91,100.56
2003-10-17,100.56,101.44,99.33,99.33
2003-10-20,99.17,100.81,99.01,100.58
2003-10-21,101.12,101.74,100.05,101.04
2003-10-22,101.11,101.66,100.09,100.99
2003-10-23,98.94,99.47,97.03,97.59
2003-10-24,97.31,98.28,96.09,96.74
2003-10-27,97.41,98.62,97.07,98.62
2003-10-28,98.47,101.52,98.32,100.53
2003-10-29,102.2,103.02,101.1,101.1
2003-10-30,101.79,102.25,100.92,101.98
2003-10-31,102.25,102.48,100.51,101.44
2003-11-03,101.55,102.97,100.83,102.74
2003-11-04,103.81,104.13,102.62,103.29
2003-11-05,103.29,104.74,102.99,104.56
2003-11-06,105.09,105.37,102.36,102.36
2003-11-07,103.22,104.23,102.32,104.23
2003-11-10,103.81,103.99,102.09,103.16
2003-11-11,102.1,102.34,101.22,102.02
2003-11-12,102.08,103.6,101.8,103.41
2003-11-13,104.72,105.89,104.5,105.89
2003-11-14,105.45,106.54,105.16,105.35
2003-11-17,104.46,104.49,102.6,103.21
2003-11-18,103.22,104.15,102.27,104.11
2003-11-19,102.0,102.0,99.83,100.17
2003-11-20,100.6,100.98,99.0,99.8
2003-11-21,99.08,100.99,98.8,99.94
2003-11-24,99.3,99.85,97.48,97.61
2003-11-25,99.6,99.99,98.83,99.71
2003-11-26,99.95,101.78,99.85,101.6
2003-11-27,101.63,101.93,100.81,101.6
2003-11-28,101.9,103.66,101.9,103.61
2003-12-01,103.58,105.52,102.79,104.9
2003-12-02,105.67,105.72,104.63,104.86
2003-12-03,104.7,105.87,103.85,104.79
2003-12-04,104.28,104.88,103.61,103.99
2003-12-05,103.55,103.58,101.87,101.87
2003-12-08,100.55,102.26,100.17,101.3
2003-12-09,102.04,102.39,101.29,101.64
2003-12-10,99.91,102.69,99.83,102.69
2003-12-11,103.0,104.25,102.12,102.12
2003-12-12,104.2,104.83,103.54,104.32
2003-12-15,106.37,106.83,105.56,106.48
2003-12-16,104.41,105.72,104.04,104.76
2003-12-17,105.56,105.6,103.05,103.05
2003-12-18,103.5,104.49,102.81,104.45
2003-12-19,105.51,105.82,104.74,105.04
2003-12-22,104.85,105.57,104.16,104.16
2003-12-23,104.89,105.31,103.87,103.89
2003-12-24,104.8,104.83,102.75,102.77
2003-12-26,102.72,103.17,102.03,102.43
2003-12-29,101.23,102.94,101.22,102.79
2003-12-30,104.19,105.45,103.78,105.21
2004-01-02,105.9,106.77,105.63,106.65
2004-01-05,106.01,107.23,105.96,107.07
2004-01-06,108.02,108.02,106.41,106.9
2004-01-07,107.29,108.02,107.15,107.54
2004-01-08,108.14,109.31,107.2,107.2
2004-01-09,108.79,110.89,108.75,110.26
2004-01-12,110.05,111.54,109.6,111.1
2004-01-13,111.69,111.69,110.18,110.71
2004-01-14,110.56,111.73,110.14,110.98
2004-01-15,110.85,111.24,109.82,110.34
2004-01-16,111.48,111.58,110.25,110.63
2004-01-19,111.56,112.29,111.13,111.96
2004-01-20,111.57,113.08,111.49,112.63
2004-01-26,113.51,114.12,112.73,113.68
2004-01-27,114.27,114.27,112.68,113.02
2004-01-28,112.58,113.9,112.44,112.59
2004-01-29,111.46,111.84,110.93,111.66
2004-01-30,111.72,112.41,110.54,110.89
2004-02-02,111.16,111.73,110.76,111.68
2004-02-03,111.37,111.37,109.32,109.61
2004-02-04,109.48,109.96,108.83,108.96
2004-02-05,108.97,109.89,108.81,109.77
2004-02-06,109.98,111.61,109.57,111.16
2004-02-09,112.62,113.51,112.47,113.18
2004-02-10,113.33,113.84,112.9,113.46
2004-02-11,113.98,115.12,113.92,114.92
2004-02-12,115.67,115.72,114.39,115.2
2004-02-13,114.91,115.95,114.07,115.75
2004-02-16,115.29,116.22,114.94,115.63
2004-02-17,115.99,116.65,115.5,116.03
2004-02-18,116.67,116.85,114.87,114.87
2004-02-19,115.33,116.03,114.61,115.65
2004-02-20,114.83,115.32,114.35,115.03
2004-02-23,114.67,115.62,113.7,115.05
2004-02-24,114.33,115.0,113.29,113.32
2004-02-25,113.41,114.08,113.09,113.63
2004-02-26,114.09,114.49,112.97,113.44
2004-02-27,113.5,115.92,112.96,115.92
2004-03-02,117.22,118.21,117.2,118.07
2004-03-03,117.8,118.28,117.57,117.57
2004-03-04,117.89,119.46,117.72,119.28
2004-03-05,119.19,119.47,118.76,118.88
2004-03-08,119.37,119.64,117.98,118.1
2004-03-09,116.86,117.23,116.48,116.82
2004-03-10,116.23,116.63,114.5,114.74
2004-03-11,113.86,115.11,113.41,113.87
2004-03-12,113.48,113.57,107.87,111.23
2004-03-15,112.23,112.53,111.15,111.63
2004-03-16,110.64,111.49,109.82,111.49
2004-03-17,112.54,114.61,112.41,114.55
2004-03-18,115.45,115.5,113.98,114.55
2004-03-19,114.76,116.02,113.99,116.02
2004-03-22,115.37,115.7,113.14,113.31
2004-03-23,112.14,114.15,111.43,113.72
2004-03-24,112.89,113.88,112.33,113.18
2004-03-25,113.29,114.19,111.58,112.16
2004-03-26,113.89,114.93,113.28,113.64
2004-03-29,114.2,115.64,114.06,115.1
2004-03-30,115.78,115.78,114.64,114.98
2004-03-31,116.21,116.48,114.28,115.98
2004-04-01,115.75,116.43,115.27,116.34
2004-04-02,116.8,117.33,116.32,116.35
2004-04-06,118.58,119.59,118.39,119.57
2004-04-07,119.61,120.84,119.13,120.05
2004-04-08,120.53,121.04,119.77,121.04
2004-04-09,120.1,120.1,118.66,119.27
2004-04-12,119.19,122.04,119.19,120.99
2004-04-13,121.79,122.11,120.47,120.65
2004-04-14,119.56,120.86,119.2,120.59
2004-04-16,118.8,119.32,117.82,117.97
2004-04-19,118.22,118.49,116.89,118.49
2004-04-20,119.57,120.64,118.49,120.6
2004-04-21,119.35,122.13,119.35,121.93
2004-04-22,122.01,122.19,120.46,120.76
2004-04-23,122.52,122.66,121.26,122.44
2004-04-26,122.17,122.2,120.23,120.3
2004-04-27,120.11,120.62,119.3,119.7
2004-04-28,119.95,120.26,117.48,117.48
2004-04-29,115.91,116.74,113.7,114.01
2004-04-30,113.05,113.92,110.95,112.4
2004-05-03,112.47,113.13,111.59,112.84
2004-05-04,113.47,114.2,112.66,112.92
2004-05-06,112.44,112.53,108.84,108.97
2004-05-07,109.03,109.98,106.72,109.38
2004-05-10,108.47,108.49,100.31,102.94
2004-05-11,102.85,104.39,101.03,102.73
2004-05-12,104.11,106.59,103.79,106.05
2004-05-13,105.58,105.76,102.14,102.14
2004-05-14,103.29,103.79,97.97,99.11
2004-05-17,98.91,99.9,93.53,94.05
2004-05-18,93.58,96.89,92.63,96.09
2004-05-19,97.44,101.9,97.29,100.92
2004-05-20,99.3,101.67,98.22,99.66
2004-05-21,101.41,102.13,99.64,102.13
2004-05-24,103.42,104.02,102.48,103.68
2004-05-25,102.44,102.5,100.62,101.64
2004-05-27,104.11,105.26,103.43,104.09
2004-05-28,105.38,106.03,104.63,105.82
2004-05-31,105.24,105.25,102.7,104.14
2004-06-01,104.72,105.96,104.21,105.74
2004-06-02,104.72,105.07,103.11,104.06
2004-06-03,104.93,105.17,99.51,99.51
2004-06-04,99.91,101.14,98.83,100.95
2004-06-07,101.99,105.02,101.97,105.02
2004-06-08,106.02,106.52,104.16,104.73
2004-06-09,105.81,106.36,102.53,102.59
2004-06-10,101.34,102.41,100.0,100.58
2004-06-11,100.28,100.29,95.93,96.39
2004-06-14,95.43,97.87,94.7,94.9
2004-06-15,96.19,96.82,93.52,96.78
2004-06-16,97.4,99.23,96.04,96.84
2004-06-17,97.52,98.02,95.6,98.02
2004-06-18,96.89,97.21,94.46,95.74
2004-06-21,96.24,98.01,96.02,96.8
2004-06-22,96.12,96.86,94.53,96.48
2004-06-23,97.48,97.81,95.32,95.56
2004-06-24,97.5,98.88,96.8,98.85
2004-06-25,98.88,101.21,98.52,101.08
2004-06-28,100.88,101.22,98.91,99.85
2004-06-29,99.29,101.05,98.82,100.81
2004-06-30,101.37,102.1,100.7,101.85
2004-07-01,101.68,102.81,100.55,100.8
2004-07-02,98.97,99.0,97.59,97.75
2004-07-05,97.68,98.23,96.24,97.91
2004-07-06,97.43,98.92,97.15,98.19
2004-07-07,95.96,98.47,95.06,98.46
2004-07-08,97.32,97.99,95.78,95.78
2004-07-09,96.1,97.09,95.47,96.51
2004-07-12,97.25,98.04,95.68,96.45
2004-07-13,97.4,97.44,95.59,97.11
2004-07-14,96.33,97.18,94.88,95.09
2004-07-15,95.0,95.47,93.0,94.64
2004-07-16,94.05,95.81,92.62,95.6
2004-07-19,94.4,97.11,94.26,97.11
2004-07-20,95.97,96.42,95.29,95.29
2004-07-21,97.16,97.93,96.75,97.51
2004-07-22,95.55,96.34,94.79,96.08
2004-07-23,96.07,96.18,94.83,95.38
2004-07-26,94.36,95.62,94.3,95.22
2004-07-27,95.12,95.87,94.14,95.66
2004-07-28,96.82,97.11,95.93,96.55
2004-07-29,96.32,96.32,94.57,94.59
2004-07-30,95.59,96.05,95.05,95.27
2004-08-02,94.66,94.66,93.19,93.19
2004-08-03,94.26,94.42,93.7,94.21
2004-08-04,93.27,94.59,92.49,94.59
2004-08-05,94.68,96.31,94.13,96.31
2004-08-06,94.93,96.37,94.84,94.84
2004-08-09,94.14,96.12,93.6,96.08
2004-08-10,95.54,96.77,95.45,96.72
2004-08-11,97.29,98.08,97.1,97.23
2004-08-12,97.53,99.06,97.25,99.05
2004-08-13,98.47,100.4,98.22,100.15
2004-08-16,99.9,100.36,98.76,99.72
2004-08-17,100.72,100.8,98.64,98.97
2004-08-18,99.22,99.82,98.73,99.48
2004-08-19,100.39,101.48,100.39,101.18
2004-08-20,100.68,101.17,100.46,100.86
2004-08-23,101.52,102.21,100.27,100.92
2004-08-24,101.44,101.64,100.11,101.5
2004-08-25,101.24,103.0,101.12,102.87
2004-08-26,103.32,103.88,103.04,103.25
2004-08-27,103.58,103.78,102.72,103.38
2004-08-30,103.51,104.05,102.82,103.07
2004-08-31,102.33,102.94,102.17,102.89
2004-09-01,102.83,104.75,102.67,104.69
2004-09-02,104.83,105.66,104.48,105.66
2004-09-03,105.83,105.97,104.2,104.84
2004-09-06,105.13,105.66,104.45,105.52
2004-09-07,105.18,105.66,104.61,104.97
2004-09-08,105.11,106.04,104.41,104.44
2004-09-09,104.47,105.54,103.49,105.39
2004-09-10,105.88,107.48,104.59,107.32
2004-09-13,108.15,109.6,108.06,109.56
2004-09-14,110.28,110.46,108.91,109.27
2004-09-15,109.21,110.04,108.96,109.27
2004-09-16,108.67,111.25,108.42,110.2
2004-09-17,109.92,110.75,108.92,109.32
2004-09-20,109.49,111.26,109.48,110.38
2004-09-21,110.72,111.0,109.96,110.42
2004-09-22,111.08,111.24,107.53,107.53
2004-09-23,106.75,107.46,106.22,106.94
2004-09-24,106.74,107.68,105.94,107.33
2004-09-30,107.06,108.19,106.81,107.69
2004-10-01,107.96,109.42,107.87,109.42
2004-10-04,111.14,114.02,111.08,114.02
2004-10-05,114.21,114.4,113.32,114.04
2004-10-06,114.1,115.69,113.33,114.44
2004-10-07,114.48,115.02,113.37,114.17
2004-10-08,113.24,115.2,113.23,113.82
2004-10-11,113.16,113.96,112.76,113.82
2004-10-12,113.5,113.5,110.47,110.47
2004-10-13,111.23,111.59,109.86,110.42
2004-10-14,109.36,109.73,108.03,109.17
2004-10-15,107.97,109.48,107.21,108.42
2004-10-18,108.79,109.8,108.24,109.24
2004-10-19,110.88,111.26,109.65,110.24
2004-10-20,109.59,109.92,106.78,106.93
2004-10-21,107.2,107.51,104.94,105.78
2004-10-22,106.25,107.29,106.04,106.8
2004-10-25,105.24,105.33,103.25,104.13
2004-10-26,104.73,105.46,104.43,104.98
2004-10-27,105.98,106.2,103.64,104.63
2004-10-28,106.81,107.77,106.18,107.77
2004-10-29,106.82,108.01,106.19,107.99
2004-11-01,107.69,108.87,107.53,108.17
2004-11-02,108.67,110.1,108.49,109.67
2004-11-03,109.98,111.59,109.3,111.58
2004-11-04,111.41,111.41,110.3,110.3
2004-11-05,111.76,112.13,111.04,111.52
2004-11-08,112.17,112.19,109.32,109.34
2004-11-09,109.27,109.97,108.51,109.04
2004-11-10,109.53,111.19,109.53,111.19
2004-11-11,110.67,112.1,110.51,111.24
2004-11-12,113.21,114.21,112.58,113.41
2004-11-15,113.78,115.38,113.35,114.09
2004-11-16,114.16,114.53,113.17,113.3
2004-11-17,114.12,115.17,113.7,114.61
2004-11-18,114.64,114.94,113.25,113.33
2004-11-19,113.81,114.23,111.62,112.07
2004-11-22,110.8,110.88,108.9,109.83
2004-11-23,110.85,111.41,109.87,111.18
2004-11-24,110.97,112.86,110.39,112.74
2004-11-25,112.84,113.63,112.36,112.59
2004-11-26,113.31,114.24,110.47,110.68
2004-11-29,111.08,111.97,110.34,111.62
2004-11-30,111.55,113.4,110.52,113.4
2004-12-01,112.88,113.51,112.37,113.09
2004-12-02,115.03,115.38,113.79,114.06
2004-12-03,114.97,115.38,113.2,113.96
2004-12-06,112.92,113.04,111.83,112.37
2004-12-07,112.04,112.62,111.01,111.01
2004-12-08,110.24,112.16,110.19,112.16
2004-12-09,112.03,112.28,110.14,110.88
2004-12-10,111.01,111.09,108.15,108.57
2004-12-13,108.09,108.88,107.61,108.36
2004-12-14,108.63,109.5,108.27,109.38
2004-12-15,110.13,111.91,109.83,111.87
2004-12-16,112.04,113.29,111.92,112.51
2004-12-17,112.62,113.47,111.81,112.63
2004-12-20,112.2,113.46,111.97,113.45
2004-12-21,113.22,114.05,112.59,113.51
2004-12-22,114.28,114.57,113.22,113.66
2004-12-23,114.46,114.46,112.15,112.54
2004-12-24,112.69,113.15,112.14,113.15
2004-12-27,113.5,113.61,112.44,113.0
2004-12-28,112.8,113.46,112.48,113.25
2004-12-29,111.96,113.84,111.75,113.84
2004-12-30,114.07,115.32,113.92,115.25
2005-01-03,115.65,115.9,114.99,115.36
2005-01-04,115.0,115.8,114.5,114.77
2005-01-05,113.41,114.65,113.17,114.65
2005-01-06,113.88,114.97,112.94,112.94
2005-01-07,113.61,113.94,112.18,112.71
2005-01-10,113.01,113.36,112.07,113.27
2005-01-11,113.33,114.66,112.73,114.66
2005-01-12,114.71,114.94,113.79,114.09
2005-01-13,114.26,115.08,113.69,115.01
2005-01-14,114.23,117.82,113.91,117.82
2005-01-17,118.96,120.28,118.7,119.91
2005-01-18,119.91,120.42,119.49,119.5
2005-01-19,119.85,120.4,118.66,118.9
2005-01-20,118.05,118.74,117.72,118.02
2005-01-21,118.14,119.41,117.62,119.4
2005-01-24,119.19,120.66,118.34,119.83
2005-01-25,118.92,119.25,118.35,118.91
2005-01-26,119.36,120.95,119.16,120.51
2005-01-27,120.65,121.0,119.61,120.16
2005-01-28,120.14,120.25,118.98,119.65
2005-01-31,119.45,121.21,119.45,121.06
2005-02-01,120.74,120.97,119.91,120.0
2005-02-02,120.3,120.37,119.41,119.74
2005-02-03,119.88,120.8,119.71,120.64
2005-02-04,120.5,121.65,120.18,121.3
2005-02-07,122.41,123.27,122.25,123.2
2005-02-11,122.6,122.99,121.39,122.84
2005-02-14,124.06,125.44,123.65,124.94
2005-02-15,124.99,125.49,124.37,125.48
2005-02-16,126.08,126.82,125.13,125.85
2005-02-17,126.04,126.22,125.4,125.93
2005-02-18,125.47,127.43,125.14,127.43
2005-02-21,128.44,128.44,127.29,128.09
2005-02-22,127.97,128.21,126.43,126.74
2005-02-23,125.49,126.04,124.97,125.53
2005-02-24,126.13,128.05,125.76,127.81
2005-02-25,128.66,129.68,128.25,129.13
2005-02-28,129.88,130.9,129.16,130.85
2005-03-02,131.21,131.29,129.65,130.14
2005-03-03,130.24,131.27,129.37,130.61
2005-03-04,130.95,131.15,130.05,130.61
2005-03-07,131.77,132.22,128.93,130.11
2005-03-08,130.54,130.77,128.83,129.21
2005-03-09,128.83,130.26,127.92,130.26
2005-03-10,130.07,130.79,128.76,128.76
2005-03-11,129.84,131.98,129.79,131.97
2005-03-14,131.34,131.67,130.92,131.47
2005-03-15,131.96,131.99,127.86,127.95
2005-03-16,127.64,128.71,126.76,128.17
2005-03-17,126.92,127.65,125.59,126.68
2005-03-18,126.88,127.89,126.52,126.82
2005-03-21,126.77,127.92,125.46,126.84
2005-03-22,126.69,127.59,125.9,126.87
2005-03-23,126.08,126.95,124.77,125.16
2005-03-24,125.54,125.84,123.06,123.8
2005-03-25,124.38,125.09,123.88,125.07
2005-03-28,125.61,127.17,125.61,126.72
2005-03-29,126.65,126.72,123.73,124.13
2005-03-30,123.26,123.87,122.51,123.49
2005-03-31,125.31,125.4,124.26,124.78
2005-04-01,124.65,127.07,124.61,126.88
2005-04-04,126.77,127.29,126.15,127.22
2005-04-06,127.61,128.2,126.18,127.85
2005-04-07,128.23,128.42,127.46,127.92
2005-04-08,128.86,129.01,128.12,128.44
2005-04-11,127.95,127.96,127.09,127.59
2005-04-12,127.23,127.72,126.86,127.24
2005-04-13,127.84,127.98,126.98,127.28
2005-04-14,126.17,126.26,123.29,123.29
2005-04-15,123.49,123.61,121.49,122.41
2005-04-18,120.27,120.82,118.79,119.76
2005-04-19,120.64,121.18,120.17,120.5
2005-04-20,121.58,122.68,120.12,121.05
2005-04-21,119.44,121.66,118.33,121.31
2005-04-22,123.03,123.05,121.36,121.36
2005-04-25,120.79,122.24,120.27,122.08
2005-04-26,122.21,122.56,121.82,121.92
2005-04-27,120.85,120.85,119.23,119.96
2005-04-28,120.1,120.19,118.36,118.36
2005-04-29,117.06,118.0,116.54,117.58
2005-05-02,118.29,118.48,117.68,118.46
2005-05-03,118.81,119.12,117.47,117.89
2005-05-04,118.15,120.19,118.15,119.95
2005-05-06,120.4,121.54,120.37,121.26
2005-05-09,121.41,121.45,119.36,120.48
2005-05-10,121.01,121.26,120.3,120.4
2005-05-11,119.48,119.66,118.66,119.02
2005-05-12,119.0,119.74,118.69,118.69
2005-05-13,118.38,119.1,117.2,118.87
2005-05-16,119.13,120.5,119.1,119.65
2005-05-17,120.9,121.25,118.75,119.51
2005-05-18,120.6,120.84,119.55,120.08
2005-05-19,121.53,123.13,121.53,123.04
2005-05-20,123.35,123.57,122.47,123.02
2005-05-23,123.38,123.38,122.24,122.87
2005-05-24,123.34,123.43,122.36,122.91
2005-05-25,122.82,123.39,121.18,121.37
2005-05-26,121.24,121.7,121.05,121.7
2005-05-27,123.03,124.22,122.58,123.89
2005-05-30,124.02,124.65,123.78,124.64
2005-05-31,124.66,125.12,123.56,124.84
2005-06-01,124.06,125.2,124.0,124.9
2005-06-02,125.87,126.19,125.04,125.04
2005-06-03,125.2,125.7,124.89,125.7
2005-06-07,125.62,125.62,124.56,124.79
2005-06-08,124.48,125.76,124.46,125.62
2005-06-09,125.12,127.22,124.89,127.22
2005-06-10,127.04,128.2,126.67,127.68
2005-06-13,127.93,128.8,127.49,127.65
2005-06-14,127.51,128.15,126.72,126.9
2005-06-15,127.0,129.27,126.6,129.27
2005-06-16,129.04,129.73,128.87,129.27
2005-06-17,129.69,129.78,128.49,129.33
2005-06-20,129.38,129.43,127.76,128.17
2005-06-21,127.86,128.63,127.15,127.66
2005-06-22,127.46,129.38,127.13,129.24
2005-06-23,129.26,130.41,129.02,130.39
2005-06-24,129.17,129.91,128.17,129.08
2005-06-27,128.32,128.46,126.78,127.45
2005-06-28,127.23,127.99,126.99,127.92
2005-06-29,128.57,129.39,127.77,128.41
2005-06-30,128.2,129.72,128.2,129.43
2005-07-01,128.8,130.6,128.56,130.59
2005-07-04,131.16,131.39,130.62,130.95
2005-07-05,131.12,131.47,130.37,130.54
2005-07-06,131.15,131.36,130.29,130.65
2005-07-07,130.24,132.05,130.15,131.72
2005-07-08,131.85,132.19,131.09,131.28
2005-07-11,132.99,134.29,132.87,133.88
2005-07-12,134.88,135.19,134.08,134.26
2005-07-13,134.79,135.36,134.03,135.25
2005-07-14,136.09,137.35,135.61,136.98
2005-07-15,137.37,137.55,136.27,136.48
2005-07-18,136.73,137.73,136.1,136.78
2005-07-19,136.76,138.66,136.74,138.66
2005-07-20,138.84,140.13,137.81,138.57
2005-07-21,139.78,140.13,137.77,138.62
2005-07-22,137.63,138.86,137.06,138.37
2005-07-25,138.6,140.59,138.39,140.55
2005-07-26,140.58,141.18,139.95,140.53
2005-07-27,140.75,141.55,139.56,140.73
2005-07-28,141.86,142.6,141.3,142.38
2005-07-29,143.53,143.53,141.95,143.32
2005-08-01,143.67,144.1,142.84,143.96
2005-08-02,144.12,144.3,143.14,144.3
2005-08-03,145.4,145.81,144.18,144.21
2005-08-04,144.55,144.89,142.7,143.52
2005-08-05,141.9,142.32,140.1,140.7
2005-08-08,139.78,140.68,139.5,140.49
2005-08-09,140.01,142.12,139.47,142.11
2005-08-10,142.59,144.02,142.07,142.7
2005-08-11,142.64,145.35,142.61,145.35
2005-08-12,145.75,146.25,144.81,146.04
2005-08-16,146.26,147.11,144.17,144.3
2005-08-17,143.13,144.05,142.21,143.87
2005-08-18,144.19,144.22,141.15,141.16
2005-08-19,140.55,141.09,139.23,140.68
2005-08-22,141.48,144.4,140.97,144.4
2005-08-23,144.61,145.17,143.32,144.27
2005-08-24,143.71,143.72,140.48,141.27
2005-08-25,140.12,142.74,139.25,141.75
2005-08-26,141.76,142.61,140.36,140.36
2005-08-29,137.85,138.62,136.83,137.42
2005-08-30,138.93,139.45,136.31,138.68
2005-08-31,138.21,140.34,137.99,140.09
2005-09-01,141.45,143.15,141.22,143.13
2005-09-02,143.59,144.73,143.4,144.3
2005-09-05,144.88,145.1,143.72,144.06
2005-09-06,144.86,147.03,144.7,145.21
2005-09-07,147.04,147.95,146.58,147.95
2005-09-08,149.27,149.61,147.13,148.41
2005-09-09,148.47,149.34,147.6,149.34
2005-09-12,150.08,151.3,149.91,150.13
2005-09-13,150.39,151.33,149.12,150.29
2005-09-14,149.87,152.03,149.55,152.03
2005-09-15,151.18,153.22,150.64,151.99
2005-09-16,152.45,152.93,151.29,152.55
2005-09-20,154.98,154.98,153.16,154.69
2005-09-21,154.31,155.83,153.99,155.34
2005-09-22,154.48,155.78,154.04,155.71
2005-09-23,155.5,155.6,152.38,152.39
2005-09-26,153.2,156.39,153.2,156.39
2005-09-27,156.7,156.86,155.39,156.52
2005-09-28,156.77,158.88,156.35,158.88
2005-09-29,159.05,159.41,157.68,159.06
2005-09-30,159.85,159.97,157.17,157.55
2005-10-04,158.49,160.68,158.49,160.43
2005-10-05,160.33,160.68,157.44,158.1
2005-10-06,156.2,156.38,154.16,154.65
2005-10-07,153.67,156.34,153.41,154.4
2005-10-10,155.66,158.04,155.49,157.82
2005-10-11,157.05,160.06,156.67,160.06
2005-10-12,159.99,160.26,156.09,156.33
2005-10-13,154.82,155.01,152.18,152.85
2005-10-14,154.07,154.74,150.92,152.48
2005-10-17,153.23,153.75,150.14,150.85
2005-10-18,151.67,153.03,151.44,152.26
2005-10-19,150.8,150.8,147.53,148.11
2005-10-20,150.39,150.88,148.72,149.41
2005-10-21,147.39,152.22,147.2,152.22
2005-10-24,152.98,153.48,151.12,152.27
2005-10-25,154.22,154.93,151.39,151.76
2005-10-26,152.18,152.46,150.35,151.45
2005-10-27,150.92,152.46,149.59,149.88
2005-10-28,147.58,147.74,146.11,146.55
2005-10-31,148.15,149.09,146.84,148.84
2005-11-01,149.9,153.33,149.83,152.98
2005-11-02,153.8,155.68,153.28,155.6
2005-11-03,157.21,157.21,156.05,156.89
2005-11-04,157.53,158.35,156.34,157.28
2005-11-07,157.88,157.9,154.93,156.75
2005-11-08,156.9,157.72,156.22,157.72
2005-11-09,157.44,159.39,156.65,157.87
2005-11-10,157.76,158.8,157.39,158.69
2005-11-11,160.36,161.89,160.36,161.81
2005-11-14,162.3,162.6,161.39,162.02
2005-11-15,161.62,162.0,159.19,161.49
2005-11-16,160.74,163.27,160.4,163.24
2005-11-17,163.13,163.93,162.16,163.38
2005-11-18,164.4,164.92,162.63,163.74
2005-11-21,164.24,164.44,161.83,163.1
2005-11-22,162.64,162.65,159.23,159.68
2005-11-23,160.61,164.74,160.4,164.47
2005-11-24,165.55,166.15,164.38,165.56
2005-11-25,165.87,166.24,164.45,165.51
2005-11-28,165.91,166.08,164.63,165.52
2005-11-29,164.54,165.72,162.72,163.7
2005-11-30,164.23,166.53,164.23,165.95
2005-12-01,165.68,167.0,164.77,166.97
2005-12-02,168.66,168.76,167.52,167.56
2005-12-05,167.84,168.28,167.11,168.23
2005-12-06,167.79,169.69,167.03,169.24
2005-12-07,169.11,170.74,168.51,170.21
2005-12-08,169.84,170.7,168.32,170.13
2005-12-09,169.45,171.15,168.53,169.16
2005-12-12,169.7,171.98,169.7,171.35
2005-12-13,171.82,172.15,170.55,171.65
2005-12-14,172.95,173.44,170.03,171.15
2005-12-15,171.77,172.4,170.18,171.56
2005-12-16,169.74,170.74,168.64,169.45
2005-12-19,170.07,171.92,169.4,171.91
2005-12-20,171.04,172.46,170.8,172.05
2005-12-21,172.56,174.27,172.38,173.95
2005-12-22,174.87,175.32,172.71,173.89
2005-12-23,174.98,175.19,173.69,175.11
2005-12-26,175.74,176.81,175.51,176.27
2005-12-27,176.77,177.53,176.57,177.2
2005-12-28,174.94,176.36,174.39,176.16
2005-12-29,176.55,177.96,176.25,177.43
2006-01-02,177.79,178.33,176.05,178.29
2006-01-03,178.69,178.86,176.53,178.81
2006-01-04,180.57,181.01,179.49,179.91
2006-01-05,180.31,180.31,176.84,178.82
2006-01-06,179.33,180.87,178.79,180.87
2006-01-09,181.95,181.99,179.82,180.3
2006-01-10,180.92,181.62,177.88,178.98
2006-01-11,178.67,179.5,177.42,178.67
2006-01-12,179.33,180.91,179.23,179.65
2006-01-13,179.2,181.71,177.82,181.71
2006-01-16,182.56,182.78,180.72,182.39
2006-01-17,182.62,183.02,178.24,178.27
2006-01-18,176.82,176.95,171.46,173.81
2006-01-19,174.39,175.8,173.26,174.93
2006-01-20,176.04,177.14,170.22,170.6
2006-01-23,168.55,171.32,166.62,168.04
2006-01-24,169.39,172.09,167.73,171.79
2006-01-25,173.56,174.78,172.66,173.52
2006-01-26,174.45,174.72,171.72,174.71
2006-01-27,176.69,178.65,175.88,178.64
2006-01-31,179.46,181.21,178.14,180.65
2006-02-01,179.4,180.69,176.98,178.07
2006-02-02,179.52,179.79,175.79,177.92
2006-02-03,175.8,176.48,172.35,172.67
2006-02-06,171.77,173.77,169.27,173.66
2006-02-07,173.66,175.07,172.07,172.39
2006-02-08,171.5,173.93,169.16,169.44
2006-02-09,171.5,172.01,169.84,170.93
2006-02-10,171.9,173.29,169.99,172.68
2006-02-13,173.15,173.17,169.04,170.61
2006-02-14,169.89,171.93,168.29,171.65
2006-02-15,173.46,173.47,167.84,168.31
2006-02-16,168.8,170.64,167.72,169.8
2006-02-17,171.3,172.47,169.93,172.4
2006-02-20,172.78,175.62,171.7,174.28
2006-02-21,174.56,174.88,173.07,174.04
2006-02-22,173.85,175.49,171.0,173.26
2006-02-23,174.29,176.33,174.01,176.18
2006-02-24,176.61,177.13,175.23,176.96
2006-02-27,176.81,178.11,176.12,178.1
2006-02-28,178.37,178.69,176.43,177.45
2006-03-02,178.3,178.4,176.83,176.85
2006-03-03,176.52,176.78,171.19,171.67
2006-03-06,172.23,173.86,171.01,173.86
2006-03-07,172.78,172.78,169.75,170.13
2006-03-08,168.35,170.91,167.39,169.76
2006-03-09,169.72,171.11,169.17,169.17
2006-03-10,169.82,171.65,168.9,170.37
2006-03-13,172.04,172.84,171.45,172.82
2006-03-14,173.07,173.16,169.71,171.1
2006-03-15,172.59,173.4,171.95,172.28
2006-03-16,173.27,174.29,172.2,172.66
2006-03-17,172.1,173.81,170.59,173.48
2006-03-20,173.36,174.81,172.64,174.26
2006-03-21,174.31,174.47,172.61,172.87
2006-03-22,171.52,171.53,168.67,169.28
2006-03-23,170.81,171.7,168.09,169.68
2006-03-24,169.61,170.86,168.47,170.86
2006-03-27,170.41,173.06,170.36,172.44
2006-03-28,172.14,173.17,171.48,172.77
2006-03-29,171.12,173.55,170.46,172.96
2006-03-30,173.78,174.32,172.77,173.61
2006-03-31,173.61,176.37,173.35,176.21
2006-04-03,176.45,179.22,176.36,178.89
2006-04-04,178.92,180.23,178.21,179.77
2006-04-05,180.28,181.03,179.26,179.97
2006-04-06,181.13,182.42,179.88,181.1
2006-04-07,181.19,181.97,180.34,181.97
2006-04-10,180.86,181.94,180.42,181.31
2006-04-11,180.88,181.19,177.84,179.61
2006-04-12,178.23,179.19,177.69,179.13
2006-04-13,179.11,181.91,178.75,181.91
2006-04-14,182.55,185.95,181.88,185.67
2006-04-17,185.95,186.21,183.5,184.3
2006-04-18,183.35,185.84,183.28,184.9
2006-04-19,187.4,188.06,185.91,186.34
2006-04-20,186.59,187.39,185.41,185.86
2006-04-21,186.67,189.18,186.15,188.2
2006-04-24,187.71,187.71,184.72,185.41
2006-04-25,184.84,186.94,183.93,185.54
2006-04-26,185.89,188.34,185.49,188.34
2006-04-27,188.8,189.29,187.51,188.4
2006-04-28,187.1,187.1,183.23,184.1
2006-05-02,184.13,186.19,182.64,186.17
2006-05-03,186.92,188.61,186.02,186.03
2006-05-04,186.23,187.09,184.67,186.98
2006-05-08,189.44,189.79,188.32,188.79
2006-05-09,188.75,189.99,188.04,188.51
2006-05-10,188.33,189.18,187.3,188.62
2006-05-11,188.25,190.2,187.65,190.2
2006-05-12,188.06,188.79,185.22,187.27
2006-05-15,184.41,184.42,182.07,183.08
2006-05-16,183.32,183.39,177.85,179.0
2006-05-17,179.72,182.04,179.71,181.69
2006-05-18,176.26,177.47,175.79,177.18
2006-05-19,177.13,177.95,174.58,177.94
2006-05-22,178.42,178.43,173.55,173.6
2006-05-23,171.66,173.49,170.57,172.78
2006-05-24,172.38,173.69,169.32,173.36
2006-05-25,173.23,173.28,168.28,168.33
2006-05-26,170.99,172.44,170.52,171.83
2006-05-29,173.31,174.21,172.41,172.64
2006-05-30,172.59,172.79,170.15,171.01
2006-06-01,169.84,171.2,167.93,168.03
2006-06-02,170.38,170.67,166.68,169.85
2006-06-05,170.81,170.81,167.93,168.83
2006-06-07,165.23,166.12,163.78,164.17
2006-06-08,163.22,163.65,158.11,158.11
2006-06-09,159.92,160.23,157.32,159.61
2006-06-12,158.91,160.07,157.31,160.05
2006-06-13,156.95,157.43,155.12,155.43
2006-06-14,154.15,158.94,153.89,157.7
2006-06-15,159.07,160.04,156.43,157.36
2006-06-16,160.87,163.41,160.81,163.05
2006-06-19,162.11,162.89,160.45,161.79
2006-06-20,160.88,160.93,157.81,158.48
2006-06-21,158.91,159.38,157.21,158.63
2006-06-22,161.15,161.43,159.69,160.2
2006-06-23,158.5,158.95,156.54,158.88
2006-06-26,158.73,160.43,158.02,160.18
2006-06-27,161.18,162.2,160.75,161.36
2006-06-28,158.61,160.19,158.11,160.18
2006-06-29,161.31,164.09,161.31,163.3
2006-06-30,166.96,167.6,166.48,167.45
2006-07-03,167.34,167.83,166.07,167.33
2006-07-04,168.64,168.81,165.98,166.15
2006-07-05,162.85,166.29,162.71,165.51
2006-07-06,164.3,165.18,162.17,163.47
2006-07-07,164.79,165.36,163.88,164.7
2006-07-10,163.64,168.3,163.01,168.27
2006-07-11,167.77,168.68,166.83,168.45
2006-07-12,168.82,169.89,167.24,167.93
2006-07-13,166.19,168.3,164.65,166.35
2006-07-14,163.11,163.11,161.22,162.33
2006-07-18,160.45,160.88,159.39,159.69
2006-07-19,160.06,161.25,159.34,159.76
2006-07-20,163.85,165.15,163.33,165.11
2006-07-21,163.46,165.04,163.29,165.0
2006-07-24,163.27,164.53,161.52,163.93
2006-07-25,165.8,167.22,165.79,166.25
2006-07-26,166.88,167.08,165.82,166.1
2006-07-27,166.28,169.03,165.85,168.52
2006-07-28,168.03,169.23,167.98,168.54
2006-07-31,170.81,171.12,168.51,168.51
2006-08-01,168.35,169.82,167.01,167.14
2006-08-02,166.46,168.27,165.86,168.27
2006-08-03,169.29,169.61,167.39,167.94
2006-08-04,168.49,169.83,168.49,169.68
2006-08-07,170.21,170.25,167.57,167.61
2006-08-08,167.81,170.68,167.8,170.68
2006-08-09,170.17,172.08,168.77,171.11
2006-08-10,170.6,171.08,168.02,169.44
2006-08-11,170.51,171.24,167.6,167.65
2006-08-14,168.11,169.43,167.12,168.19
2006-08-16,170.43,171.58,169.74,171.01
2006-08-17,172.4,173.74,172.4,172.65
2006-08-18,172.94,173.87,172.21,173.17
2006-08-21,173.46,174.13,171.21,171.96
2006-08-22,171.97,173.97,171.96,173.81
2006-08-23,173.42,173.52,171.65,172.33
2006-08-24,171.94,171.97,170.23,171.08
2006-08-25,171.32,173.58,171.24,172.92
2006-08-28,172.98,173.79,172.27,172.64
2006-08-29,173.79,174.94,173.78,174.79
2006-08-30,175.01,175.08,173.71,174.16
2006-08-31,175.08,176.71,174.51,175.44
2006-09-01,175.73,176.06,175.03,175.99
2006-09-04,176.97,177.14,176.32,176.32
2006-09-05,176.57,176.9,175.99,176.75
2006-09-06,176.91,177.25,175.7,176.19
2006-09-07,175.49,175.83,174.27,175.43
2006-09-08,174.7,176.29,174.58,175.78
2006-09-11,176.06,176.06,172.93,173.0
2006-09-12,173.02,173.77,171.71,172.28
2006-09-13,174.05,174.16,172.85,172.93
2006-09-14,172.96,176.35,172.3,176.35
2006-09-15,175.85,176.53,175.21,176.51
2006-09-18,176.38,178.81,176.08,178.28
2006-09-19,178.41,178.92,177.81,178.32
2006-09-20,177.3,177.71,175.81,177.34
2006-09-21,178.24,178.99,176.87,177.31
2006-09-22,176.22,176.48,174.27,175.0
2006-09-25,175.04,176.45,174.69,176.03
2006-09-26,176.78,176.9,173.88,174.58
2006-09-27,175.65,176.93,175.62,176.74
2006-09-28,177.09,178.36,176.61,178.21
2006-09-29,178.67,178.95,177.56,178.05
2006-10-02,177.91,179.43,177.53,178.46
2006-10-04,177.4,178.21,174.68,175.48
2006-10-09,176.22,177.43,169.57,171.78
2006-10-10,172.31,173.65,172.24,172.78
2006-10-11,171.47,173.43,171.23,172.51
2006-10-12,172.54,174.09,172.25,173.1
2006-10-13,175.48,176.08,175.04,175.42
2006-10-16,176.47,176.77,175.62,176.51
2006-10-17,176.98,176.98,174.42,175.85
2006-10-18,175.11,176.52,174.11,176.19
2006-10-19,176.46,176.82,175.57,176.11
2006-10-20,176.49,177.71,176.45,177.35
2006-10-23,177.66,177.97,176.51,177.36
2006-10-24,178.48,178.6,177.15,177.49
2006-10-25,177.78,178.69,177.4,178.2
2006-10-26,178.51,179.0,177.91,178.53
2006-10-27,179.06,179.24,176.98,177.85
2006-10-30,177.05,177.06,175.65,175.99
2006-10-31,176.04,176.91,175.2,176.84
2006-11-01,177.76,178.5,176.97,177.94
2006-11-02,177.58,179.22,177.41,179.22
2006-11-03,179.34,179.42,178.56,179.14
2006-11-06,178.51,178.51,176.37,178.41
2006-11-07,179.72,180.18,179.19,179.45
2006-11-08,179.97,180.27,178.51,178.61
2006-11-09,178.93,181.31,178.89,181.31
2006-11-10,180.55,181.42,180.29,180.78
2006-11-13,181.3,181.35,179.51,180.93
2006-11-14,181.75,182.34,181.34,182.3
2006-11-15,182.87,183.07,182.11,182.9
2006-11-16,183.56,183.56,182.45,182.69
2006-11-17,183.18,183.53,182.23,182.94
2006-11-20,183.13,183.16,181.41,181.6
2006-11-21,181.76,182.25,181.34,182.06
2006-11-22,181.92,184.27,181.91,184.24
2006-11-23,183.8,184.48,183.12,183.77
2006-11-24,183.87,184.36,182.61,183.91
2006-11-27,183.61,184.34,183.0,184.27
2006-11-28,181.95,182.76,181.62,182.42
2006-11-29,182.69,184.15,182.64,183.8
2006-11-30,184.47,185.41,184.47,184.96
2006-12-01,185.12,185.54,184.43,185.28
2006-12-04,184.83,185.11,184.27,184.31
2006-12-05,185.11,185.64,183.5,183.53
2006-12-06,183.8,183.83,180.77,182.6
2006-12-07,182.35,182.97,181.76,182.19
2006-12-08,180.84,180.84,178.94,179.49
2006-12-11,179.45,180.25,179.32,179.5
2006-12-12,179.7,179.86,177.44,177.93
2006-12-13,177.76,179.3,177.49,178.75
2006-12-14,179.04,183.57,177.83,183.57
2006-12-15,183.51,184.45,182.62,183.82
2006-12-18,184.55,186.02,184.54,185.38
2006-12-19,185.08,185.82,184.31,184.63
2006-12-20,184.92,187.07,184.92,186.54
2006-12-21,186.8,187.06,185.48,185.81
2006-12-22,185.26,186.29,185.25,185.98
2006-12-26,185.59,186.49,184.02,185.62
2006-12-27,184.56,184.96,183.46,184.3
2006-12-28,185.45,185.93,184.26,185.39
2007-01-02,186.02,186.15,184.91,185.7
2007-01-03,185.84,186.02,182.13,182.13
2007-01-04,182.26,182.3,179.32,180.52
2007-01-05,180.71,180.97,177.33,179.1
2007-01-08,177.8,178.86,176.45,177.08
2007-01-09,177.91,178.58,176.64,177.52
2007-01-10,177.22,177.22,173.58,174.99
2007-01-11,175.21,177.67,174.99,176.26
2007-01-12,178.21,179.64,177.29,179.36
2007-01-15,180.55,180.66,179.09,179.82
2007-01-16,179.98,180.31,179.14,179.73
2007-01-17,180.05,180.05,176.98,178.5
2007-01-18,178.33,179.3,177.57,179.12
2007-01-19,177.21,177.84,175.62,176.23
2007-01-22,176.81,177.01,174.75,176.83
2007-01-23,175.44,177.33,175.35,176.9
2007-01-24,177.81,179.52,177.64,179.37
2007-01-25,180.6,180.6,178.73,179.12
2007-01-26,177.83,178.65,176.88,177.58
2007-01-29,178.32,178.57,176.2,176.41
2007-01-30,176.7,177.68,176.08,177.45
2007-01-31,178.01,178.01,175.65,175.99
2007-02-01,176.89,179.1,176.21,179.1
2007-02-02,179.58,183.23,179.54,183.2
2007-02-05,183.21,184.13,182.66,183.73
2007-02-06,183.46,185.12,183.17,185.09
2007-02-07,185.34,185.39,183.66,184.67
2007-02-08,184.43,185.29,183.23,184.25
2007-02-09,184.4,185.47,184.13,184.72
2007-02-12,183.22,183.22,181.36,182.8
2007-02-13,182.59,184.17,182.18,183.29
2007-02-14,184.77,186.39,184.77,185.72
2007-02-15,187.64,187.71,186.5,186.82
2007-02-16,186.9,187.58,186.12,187.57
2007-02-20,187.83,188.2,186.85,188.12
2007-02-21,188.5,188.7,186.96,187.9
2007-02-22,188.09,190.58,188.07,189.72
2007-02-23,190.4,190.46,188.87,190.19
2007-02-26,189.69,190.24,189.07,190.12
2007-02-27,189.93,189.93,188.02,188.15
2007-02-28,180.5,183.2,180.27,183.2
2007-03-02,181.87,184.02,181.69,182.78
2007-03-05,180.94,181.45,177.61,177.69
2007-03-06,178.66,181.42,178.66,181.23
2007-03-07,182.9,182.91,180.46,182.36
2007-03-08,182.07,185.31,181.93,183.94
2007-03-09,185.24,185.43,182.83,183.87
2007-03-12,184.7,186.42,184.7,186.36
2007-03-13,186.32,186.42,185.23,185.72
2007-03-14,182.2,183.17,181.54,181.81
2007-03-15,183.35,184.75,182.79,184.41
2007-03-16,184.59,185.0,182.84,184.42
2007-03-19,184.01,186.55,183.4,186.31
2007-03-20,187.02,187.07,185.82,186.34
2007-03-21,186.58,187.49,185.22,186.24
2007-03-22,187.48,188.13,186.97,187.15
2007-03-23,187.39,187.98,186.33,186.89
2007-03-26,187.41,188.09,186.43,187.19
2007-03-27,187.21,188.18,186.19,187.68
2007-03-28,187.48,188.21,185.06,185.96
2007-03-29,185.32,187.78,185.01,187.44
2007-03-30,188.33,188.58,186.98,187.6
2007-04-02,188.05,189.25,187.97,188.56
2007-04-03,189.1,189.26,187.67,189.12
2007-04-04,190.59,191.98,190.0,191.77
2007-04-05,192.0,192.07,190.99,191.41
2007-04-06,192.22,192.34,190.8,191.63
2007-04-09,192.4,193.92,192.34,193.85
2007-04-10,193.75,193.94,192.6,193.55
2007-04-11,194.75,196.15,194.56,195.27
2007-04-12,194.77,196.82,194.38,196.81
2007-04-13,196.43,196.77,194.83,195.85
2007-04-16,196.24,197.29,195.65,197.1
2007-04-17,197.92,197.96,195.97,196.57
2007-04-18,197.04,197.86,196.64,197.31
2007-04-19,197.6,197.67,193.51,194.59
2007-04-20,195.27,197.24,195.27,197.24
2007-04-23,198.82,199.88,197.67,198.62
2007-04-24,198.69,200.21,197.68,200.02
2007-04-25,200.16,200.27,197.17,198.43
2007-04-26,200.4,201.23,199.7,199.75
2007-04-27,198.76,199.53,197.5,198.28
2007-04-30,197.9,198.55,196.88,198.55
2007-05-02,199.76,200.43,199.09,199.86
2007-05-03,201.12,201.24,200.0,200.67
2007-05-04,201.1,201.56,200.29,201.56
2007-05-07,202.45,203.8,202.42,203.57
2007-05-08,203.64,204.29,202.76,203.51
2007-05-09,203.47,204.77,202.78,204.77
2007-05-10,205.94,207.81,205.51,205.51
2007-05-11,204.14,206.24,203.33,206.06
2007-05-14,207.12,208.46,205.47,206.28
2007-05-15,205.54,207.13,204.12,204.22
2007-05-16,204.42,205.73,203.79,205.62
2007-05-17,207.32,207.49,206.48,207.35
2007-05-18,206.96,207.58,205.17,206.69
2007-05-21,205.44,208.86,205.41,208.74
2007-05-22,209.33,210.74,208.47,210.69
2007-05-23,211.22,211.87,210.14,211.15
2007-05-25,208.83,210.7,208.63,210.54
2007-05-28,211.17,212.05,210.56,211.88
2007-05-29,212.38,212.81,210.87,212.06
2007-05-30,211.93,211.97,208.82,211.76
2007-05-31,214.34,216.67,213.58,216.45
2007-06-01,218.01,222.38,217.3,218.74
2007-06-04,221.04,222.55,218.68,221.9
2007-06-05,221.58,222.97,219.6,222.37
2007-06-07,219.75,223.25,219.04,223.17
2007-06-08,220.7,221.17,218.36,219.8
2007-06-11,221.38,221.7,217.62,218.39
2007-06-12,218.02,220.07,217.78,219.94
2007-06-13,218.72,219.9,217.8,218.59
2007-06-14,221.05,224.46,220.87,224.46
2007-06-15,224.85,225.26,223.53,224.61
2007-06-18,226.27,228.89,225.92,228.8
2007-06-19,229.75,229.75,227.35,229.04
2007-06-20,229.76,229.79,225.8,226.58
2007-06-21,225.65,229.08,224.83,227.81
2007-06-22,228.65,228.86,223.61,224.95
2007-06-25,222.73,227.1,222.04,223.4
2007-06-26,223.92,224.73,220.36,222.43
2007-06-27,222.34,222.34,219.36,220.35
2007-06-28,221.93,222.69,220.8,222.6
2007-06-29,223.09,224.37,221.24,221.31
2007-07-02,220.88,224.78,220.13,224.75
2007-07-03,227.29,229.45,226.7,229.29
2007-07-04,230.61,233.57,230.38,233.43
2007-07-05,233.83,237.03,233.31,234.75
2007-07-06,235.5,236.94,233.55,236.52
2007-07-09,237.23,240.49,237.23,239.68
2007-07-10,240.0,241.28,239.29,241.02
2007-07-11,239.22,242.52,238.48,240.46
2007-07-12,241.34,244.74,241.33,242.86
2007-07-13,247.55,250.2,247.17,250.19
2007-07-16,250.38,251.28,245.85,247.91
2007-07-18,248.28,248.46,244.92,244.92
2007-07-19,245.43,247.59,243.71,245.7
2007-07-20,247.05,251.45,245.62,251.45
2007-07-23,250.66,252.47,249.2,252.28
2007-07-24,253.18,253.55,250.15,252.61
2007-07-25,253.14,254.93,248.75,253.93
2007-07-26,254.71,255.38,248.74,248.75
2007-07-27,243.56,243.57,236.15,238.34
2007-07-30,237.31,241.41,235.22,241.39
2007-07-31,242.46,244.34,240.09,244.32
2007-08-01,242.63,242.63,231.26,234.36
2007-08-02,236.5,238.66,228.41,233.84
2007-08-03,236.57,238.95,235.48,236.91
2007-08-06,230.97,233.98,230.61,233.92
2007-08-07,238.15,238.19,233.23,234.5
2007-08-08,237.06,240.48,236.25,240.07
2007-08-09,242.85,243.73,239.84,241.0
2007-08-10,233.77,233.95,229.04,230.68
2007-08-13,232.19,233.88,229.73,233.88
2007-08-14,232.63,234.82,228.31,230.45
2007-08-16,222.71,222.99,214.1,215.67
2007-08-17,217.05,217.32,207.09,208.57
2007-08-20,216.42,220.08,215.31,219.72
2007-08-21,220.93,224.12,218.42,220.18
2007-08-22,220.9,224.0,220.24,223.24
2007-08-23,228.43,230.82,228.01,228.6
2007-08-24,227.67,228.91,225.18,227.18
2007-08-27,231.37,232.65,228.57,228.65
2007-08-28,229.11,232.38,227.23,232.38
2007-08-29,225.41,233.06,225.31,232.32
2007-08-30,236.52,237.45,233.51,234.22
2007-08-31,234.38,238.54,234.36,238.28
2007-09-03,238.64,239.11,236.51,238.72
2007-09-04,238.7,241.25,237.56,237.91
2007-09-05,239.01,241.11,235.73,236.61
2007-09-06,236.19,239.65,233.77,239.61
2007-09-07,239.25,240.87,236.84,238.92
2007-09-10,233.93,233.98,229.33,232.44
2007-09-11,233.42,234.71,231.2,234.12
2007-09-12,234.76,234.96,229.4,229.44
2007-09-13,230.02,234.3,228.41,233.86
2007-09-14,234.73,237.4,233.71,236.54
2007-09-17,236.82,237.22,234.16,236.72
2007-09-18,236.19,236.77,232.14,232.42
2007-09-19,239.51,241.56,238.97,241.08
2007-09-20,241.04,243.02,240.38,242.42
2007-09-21,242.42,243.82,241.35,243.45
2007-09-27,246.59,247.73,245.52,247.1
2007-09-28,247.63,247.7,246.04,247.2
2007-10-01,247.4,250.46,247.06,249.3
2007-10-02,252.95,256.8,251.91,256.8
2007-10-04,254.41,256.3,253.53,254.92
2007-10-05,255.41,255.66,252.98,253.63
2007-10-08,256.78,257.03,254.38,255.87
2007-10-09,256.0,257.28,253.56,256.19
2007-10-10,258.65,260.2,257.64,259.79
2007-10-11,259.66,261.84,258.59,261.82
2007-10-12,260.25,261.5,256.54,257.31
2007-10-15,259.24,259.61,254.69,257.68
2007-10-16,254.91,258.36,252.95,253.43
2007-10-17,252.6,253.77,244.2,250.48
2007-10-18,251.08,253.82,249.23,252.6
2007-10-19,252.34,252.34,248.35,248.35
2007-10-22,239.85,240.88,236.86,239.94
2007-10-23,243.9,245.59,240.4,244.9
2007-10-24,247.03,252.16,241.97,243.31
2007-10-25,247.47,249.59,244.28,248.8
2007-10-26,249.95,255.65,247.67,255.65
2007-10-29,258.38,261.45,257.75,260.4
2007-10-30,259.51,260.54,256.85,258.87
2007-10-31,258.78,260.6,257.82,260.42
2007-11-01,263.06,263.15,258.71,260.76
2007-11-02,254.77,258.81,254.7,254.74
2007-11-05,255.05,255.29,250.69,253.91
2007-11-06,254.72,259.47,254.31,259.24
2007-11-07,261.78,263.91,258.74,258.74
2007-11-08,254.38,255.72,249.36,249.97
2007-11-09,252.83,255.13,249.27,252.21
2007-11-12,247.89,247.95,241.41,243.89
2007-11-13,244.21,245.15,239.39,244.73
2007-11-14,251.01,251.49,248.01,250.21
2007-11-15,249.79,252.2,245.17,247.39
2007-11-16,243.09,244.54,239.81,244.13
2007-11-19,245.42,245.42,239.54,239.78
2007-11-20,234.58,237.44,230.19,236.91
2007-11-21,235.96,237.35,228.22,228.84
2007-11-22,226.73,230.33,224.4,228.1
2007-11-23,229.15,231.06,222.51,225.54
2007-11-26,229.43,236.01,228.02,236.01
2007-11-27,230.68,237.42,227.09,236.38
2007-11-28,238.99,239.32,232.71,232.87
2007-11-29,239.42,240.48,237.7,238.68
2007-11-30,239.72,244.07,239.48,241.91
2007-12-03,241.95,242.68,239.64,241.61
2007-12-04,241.88,244.61,241.68,244.04
2007-12-05,243.24,248.17,242.45,247.03
2007-12-06,250.8,251.89,248.61,249.63
2007-12-07,251.69,251.8,247.38,247.38
2007-12-10,246.93,248.09,243.37,244.25
2007-12-11,246.22,247.5,243.99,246.85
2007-12-12,241.93,247.4,241.83,247.15
2007-12-13,246.32,248.29,242.38,245.21
2007-12-14,244.51,245.39,239.06,241.5
2007-12-17,238.51,240.45,234.18,234.33
2007-12-18,231.79,237.94,229.96,236.65
2007-12-20,238.64,239.35,234.26,234.4
2007-12-21,235.77,239.6,232.98,239.6
2007-12-24,242.25,245.45,241.74,245.14
2007-12-26,245.87,246.14,242.69,243.48
2007-12-27,242.7,244.62,241.23,243.38
2007-12-28,241.23,243.62,240.86,241.27
2008-01-02,240.47,240.65,235.02,235.3
2008-01-03,232.94,235.64,230.86,234.67
2008-01-04,234.62,236.59,230.41,235.77
2008-01-07,229.39,232.42,229.09,231.0
2008-01-08,231.75,232.32,229.19,230.34
2008-01-09,227.14,232.53,226.05,232.53
2008-01-10,232.74,233.71,229.47,229.47
2008-01-11,232.12,232.46,223.64,224.41
2008-01-14,224.3,225.86,221.29,222.81
2008-01-15,224.78,224.83,217.97,220.91
2008-01-16,216.9,219.44,215.06,215.87
2008-01-17,218.5,219.66,214.07,218.83
2008-01-18,214.21,220.54,213.5,219.87
2008-01-21,218.37,218.48,212.28,213.6
2008-01-22,206.33,207.91,200.99,204.55
2008-01-23,210.1,210.89,203.97,207.23
2008-01-24,211.73,213.35,209.76,211.2
2008-01-25,213.71,215.21,212.65,215.06
2008-01-28,211.76,212.64,205.68,206.52
2008-01-29,210.51,211.31,206.59,208.8
2008-01-30,210.82,210.93,201.94,203.5
2008-01-31,202.53,208.87,200.84,207.77
2008-02-01,210.32,210.7,206.86,209.08
2008-02-04,212.02,217.16,211.92,216.23
2008-02-05,215.6,217.16,214.95,216.91
2008-02-11,210.41,210.96,207.98,208.92
2008-02-12,210.54,210.72,208.66,209.01
2008-02-13,211.52,211.71,207.11,207.56
2008-02-14,211.27,216.2,211.22,216.2
2008-02-15,212.8,215.73,212.15,215.38
2008-02-18,216.14,217.79,213.26,215.46
2008-02-19,218.11,219.0,216.96,218.37
2008-02-20,216.12,218.01,213.19,213.84
2008-02-21,216.4,217.42,214.95,216.38
2008-02-22,214.09,214.09,211.77,213.73
2008-02-25,215.62,217.52,215.52,217.07
2008-02-26,219.07,219.4,216.63,217.22
2008-02-27,219.44,220.42,218.04,218.87
2008-02-28,219.44,221.29,217.67,220.59
2008-02-29,217.93,218.52,216.46,216.85
2008-03-03,212.25,212.25,209.77,211.73
2008-03-04,212.29,213.59,210.65,212.14
2008-03-05,212.64,213.36,210.89,212.14
2008-03-06,212.7,216.43,212.54,214.92
2008-03-07,212.84,212.84,208.78,210.57
2008-03-10,206.7,208.95,205.79,206.29
2008-03-11,203.6,208.47,203.28,208.06
2008-03-12,213.8,214.09,210.27,210.49
2008-03-13,210.16,210.19,203.79,204.42
2008-03-14,207.4,207.49,200.01,202.63
2008-03-17,201.36,201.37,194.85,199.68
2008-03-18,201.19,202.01,198.79,201.79
2008-03-19,206.83,207.72,205.43,206.48
2008-03-20,203.81,206.86,202.42,206.62
2008-03-21,209.3,209.7,207.89,209.69
2008-03-24,210.76,212.04,209.55,211.0
2008-03-25,213.92,214.65,212.82,213.73
2008-03-26,213.92,214.64,212.92,214.41
2008-03-27,213.28,214.04,211.72,213.85
2008-03-28,213.22,217.75,213.14,217.22
2008-03-31,217.69,218.43,215.18,217.65
2008-04-01,217.23,219.73,216.3,217.81
2008-04-02,222.63,223.8,222.4,223.76
2008-04-03,224.29,227.31,223.84,226.99
2008-04-04,226.87,227.56,226.02,226.95
2008-04-07,227.25,229.66,226.48,227.79
2008-04-08,227.22,227.28,224.24,225.1
2008-04-10,223.67,226.58,222.38,226.44
2008-04-11,226.86,228.81,225.98,228.8
2008-04-14,224.35,225.58,223.17,224.54
2008-04-15,224.83,225.51,222.66,223.51
2008-04-16,225.63,226.75,224.86,225.36
2008-04-17,228.68,228.88,226.51,226.98
2008-04-18,227.48,228.4,226.26,227.25
2008-04-21,230.24,231.48,229.87,231.11
2008-04-22,230.86,231.31,228.92,229.22
2008-04-23,228.59,231.96,228.56,230.56
2008-04-24,231.58,232.3,229.85,230.77
2008-04-25,232.0,234.65,232.0,234.56
2008-04-28,235.19,235.66,233.71,234.97
2008-04-29,235.69,236.0,232.14,233.24
2008-04-30,232.76,235.19,232.0,235.0
2008-05-02,238.74,238.76,237.54,238.18
2008-05-06,238.16,239.55,237.24,239.53
2008-05-07,239.87,240.56,236.81,238.66
2008-05-08,235.55,238.43,235.3,237.37
2008-05-09,238.07,238.11,233.17,233.98
2008-05-13,234.82,237.05,232.71,237.02
2008-05-14,236.72,237.65,234.91,237.04
2008-05-15,238.12,243.38,238.08,243.11
2008-05-16,244.16,245.21,242.53,243.54
2008-05-19,244.05,245.17,241.29,242.67
2008-05-20,242.61,243.14,238.39,240.62
2008-05-21,237.29,239.14,236.82,237.15
2008-05-22,234.3,235.71,232.1,235.31
2008-05-23,235.38,236.02,233.84,234.14
2008-05-26,232.13,233.17,229.05,230.43
2008-05-27,231.39,234.01,231.32,233.97
2008-05-28,235.43,235.45,230.58,231.17
2008-05-29,232.98,236.76,232.97,236.39
2008-05-30,236.96,237.79,235.11,237.46
2008-06-02,236.91,237.67,234.6,236.78
2008-06-03,234.83,235.51,232.55,233.14
2008-06-04,233.46,235.43,232.33,235.09
2008-06-05,234.44,235.04,232.61,234.76
2008-06-09,228.95,231.78,228.64,231.35
2008-06-10,231.83,231.95,225.43,226.56
2008-06-11,227.36,228.22,224.69,227.42
2008-06-12,223.89,224.66,221.17,221.17
2008-06-13,223.26,224.4,220.45,222.79
2008-06-16,225.06,225.89,223.82,224.91
2008-06-17,225.65,225.76,221.96,223.66
2008-06-18,222.87,226.82,222.45,226.6
2008-06-19,224.13,224.31,220.85,222.03
2008-06-20,223.59,223.96,219.56,220.57
2008-06-23,217.19,219.45,215.83,218.51
2008-06-24,217.31,218.81,216.62,217.97
2008-06-25,217.91,218.95,215.88,218.95
2008-06-26,218.93,221.45,218.7,219.12
2008-06-27,213.45,214.93,212.91,214.59
2008-06-30,214.33,215.63,213.09,213.52
2008-07-01,213.64,214.5,210.74,213.02
2008-07-02,212.75,213.19,206.04,207.96
2008-07-03,203.73,207.3,202.76,205.71
2008-07-04,205.45,205.97,201.25,201.74
2008-07-07,200.63,203.18,199.59,202.34
2008-07-08,202.05,202.05,193.74,196.52
2008-07-09,199.64,200.44,194.61,194.61
2008-07-10,191.85,197.23,191.54,196.34
2008-07-11,197.1,201.0,194.99,200.12
2008-07-14,199.63,202.22,198.51,199.12
2008-07-15,198.01,198.04,192.51,193.01
2008-07-16,193.96,195.36,190.02,192.48
2008-07-17,197.03,197.57,194.8,194.89
2008-07-18,197.01,197.06,192.02,192.86
2008-07-21,195.72,201.08,195.62,200.0
2008-07-22,198.18,200.06,198.05,199.77
2008-07-23,202.85,204.72,201.81,203.64
2008-07-24,205.12,208.65,205.08,208.34
2008-07-25,204.13,206.3,203.13,204.27
2008-07-28,205.62,205.82,202.71,203.97
2008-07-29,200.45,200.7,196.77,199.9
2008-07-30,203.23,203.84,201.12,201.82
2008-07-31,202.8,205.12,202.07,204.12
2008-08-01,202.1,203.23,199.83,201.43
2008-08-04,200.54,201.09,195.77,197.56
2008-08-05,196.95,199.26,196.16,196.44
2008-08-06,200.73,202.56,199.87,202.28
2008-08-07,202.14,202.86,198.69,200.31
2008-08-08,198.03,201.51,197.57,200.76
2008-08-11,203.87,204.52,202.42,202.42
2008-08-12,202.41,204.04,200.98,202.12
2008-08-13,201.55,202.94,198.96,200.26
2008-08-14,199.09,202.44,199.09,201.5
2008-08-18,202.45,203.03,200.03,200.97
2008-08-19,199.24,199.37,195.7,197.56
2008-08-20,196.29,198.65,195.22,197.35
2008-08-21,197.16,197.29,193.56,193.85
2008-08-22,193.24,193.33,189.58,192.04
2008-08-25,193.12,194.0,192.05,192.99
2008-08-26,189.71,193.11,189.41,191.36
2008-08-27,191.11,192.4,187.99,191.6
2008-08-28,192.79,192.81,188.63,188.75
2008-08-29,190.69,191.84,188.63,188.96
2008-09-01,186.29,186.85,181.89,182.13
2008-09-02,182.61,184.38,180.37,182.41
2008-09-03,181.89,185.33,180.92,184.36
2008-09-04,183.55,185.07,181.69,183.57
2008-09-05,179.27,182.15,179.08,180.49
2008-09-08,184.94,190.72,184.9,189.97
2008-09-09,188.74,188.74,185.93,186.99
2008-09-10,184.01,188.74,183.63,188.5
2008-09-11,187.64,188.89,184.92,185.27
2008-09-12,188.55,190.4,188.0,189.9
2008-09-16,177.58,180.72,176.86,179.0
2008-09-17,183.29,185.71,182.06,183.54
2008-09-18,178.15,180.1,175.63,179.25
2008-09-19,185.74,189.4,185.04,188.31
2008-09-22,190.4,193.04,188.68,189.16
2008-09-23,187.43,192.18,187.03,191.58
2008-09-24,191.3,194.16,190.34,193.18
2008-09-25,192.07,194.19,189.42,193.87
2008-09-26,192.49,193.33,189.63,190.6
2008-09-29,192.47,193.25,187.12,188.1
2008-09-30,178.84,186.62,177.95,186.62
2008-10-01,187.39,187.39,184.02,185.52
2008-10-02,186.79,187.94,181.46,182.7
2008-10-06,178.58,178.68,173.87,175.03
2008-10-07,172.87,177.3,170.6,176.46
2008-10-08,171.02,172.55,166.33,167.16
2008-10-09,167.64,172.55,165.97,168.86
2008-10-10,162.57,162.6,153.42,162.05
2008-10-13,166.22,168.94,163.16,167.91
2008-10-14,174.88,178.15,174.47,178.15
2008-10-15,173.92,176.07,172.48,174.28
2008-10-16,163.16,164.37,156.41,157.63
2008-10-17,161.64,161.67,151.53,153.06
2008-10-20,155.23,158.09,149.51,157.51
2008-10-21,159.61,160.75,153.84,155.8
2008-10-22,155.12,155.94,142.69,148.13
2008-10-23,142.28,142.28,134.44,137.47
2008-10-24,137.8,137.87,121.14,123.27
2008-10-27,123.54,127.66,117.91,125.93
2008-10-28,122.14,134.55,120.2,132.42
2008-10-29,138.97,143.05,122.01,128.68
2008-10-30,138.11,145.96,131.72,144.42
2008-10-31,144.0,154.66,140.92,147.5
2008-11-03,147.6,153.53,146.49,148.81
2008-11-04,149.58,151.91,146.76,151.63
2008-11-05,155.69,159.56,152.03,154.93
2008-11-06,148.83,149.9,141.84,143.37
2008-11-07,138.29,148.54,135.95,148.44
2008-11-10,150.78,152.69,147.0,150.84
2008-11-11,148.19,152.11,145.52,147.67
2008-11-12,144.42,149.81,143.31,147.27
2008-11-13,140.38,142.7,135.92,142.7
2008-11-14,147.76,148.01,140.81,142.26
2008-11-17,140.35,144.5,136.71,140.57
2008-11-18,137.1,140.06,134.8,134.88
2008-11-19,135.01,135.08,129.35,132.33
2008-11-20,125.91,128.31,123.35,123.54
2008-11-21,121.31,132.24,118.91,130.76
2008-11-24,129.6,132.1,125.93,126.02
2008-11-25,132.35,134.25,125.63,128.01
2008-11-26,129.44,134.7,129.43,134.5
2008-11-27,138.55,140.43,136.86,139.17
2008-11-28,139.6,141.9,138.84,140.66
2008-12-01,140.26,141.64,138.15,138.33
2008-12-02,131.41,135.89,131.35,133.7
2008-12-03,135.53,135.54,132.22,133.62
2008-12-04,136.3,136.3,130.09,131.43
2008-12-05,132.95,135.2,131.82,134.33
2008-12-08,136.01,146.0,135.3,144.89
2008-12-09,146.39,146.97,143.02,145.2
2008-12-10,146.11,152.14,145.31,150.73
2008-12-11,150.55,153.63,149.03,151.93
2008-12-12,148.01,151.2,142.75,144.38
2008-12-15,149.09,152.45,149.09,151.43
2008-12-16,150.06,151.94,148.07,151.35
2008-12-17,154.84,155.95,149.42,152.62
2008-12-18,154.54,155.56,151.89,153.24
2008-12-19,153.21,156.12,152.91,154.1
2008-12-22,155.33,156.94,152.19,153.98
2008-12-23,152.35,153.29,148.67,148.93
2008-12-24,148.46,149.11,145.01,147.02
2008-12-26,146.98,147.81,144.27,145.81
2008-12-29,144.55,145.93,141.1,145.72
2008-12-30,146.71,149.5,146.25,146.35
2009-01-02,147.51,151.15,145.59,151.15
2009-01-05,154.57,155.13,152.63,153.83
2009-01-06,155.16,158.17,154.89,156.79
2009-01-07,157.11,161.53,156.7,161.36
2009-01-08,159.21,159.76,156.39,157.76
2009-01-09,158.8,159.63,153.93,154.17
2009-01-12,152.76,153.68,150.04,151.01
2009-01-13,149.7,152.67,147.77,152.45
2009-01-14,151.45,154.8,150.15,154.5
2009-01-15,148.44,149.39,144.64,145.05
2009-01-16,146.08,148.11,144.44,148.03
2009-01-19,149.42,151.23,148.74,150.02
2009-01-20,147.78,147.86,144.95,146.55
2009-01-21,141.28,145.3,141.05,143.29
2009-01-22,146.29,146.6,143.57,145.11
2009-01-23,143.48,143.48,141.04,141.75
2009-01-28,146.05,151.41,145.84,151.04
2009-01-29,152.03,154.04,151.47,152.29
2009-01-30,149.55,151.74,149.12,151.33
2009-02-02,148.86,152.39,147.55,149.0
2009-02-03,149.71,153.17,147.75,151.42
2009-02-04,154.2,156.0,153.18,155.99
2009-02-05,154.76,157.99,154.0,154.0
2009-02-06,156.99,158.92,156.28,158.9
2009-02-09,160.77,161.32,157.29,157.7
2009-02-10,159.29,160.02,155.25,156.84
2009-02-11,152.61,155.78,151.79,155.26
2009-02-12,154.12,154.56,151.04,153.66
2009-02-13,153.44,155.24,151.35,155.19
2009-02-16,153.85,156.14,152.57,152.66
2009-02-17,151.46,151.46,145.78,146.6
2009-02-18,144.49,145.53,142.47,144.21
2009-02-19,143.57,145.53,141.54,143.6
2009-02-20,142.01,143.09,137.07,138.31
2009-02-23,137.33,142.79,136.25,142.78
2009-02-24,137.66,138.97,136.79,137.82
2009-02-25,142.02,142.14,137.69,138.65
2009-02-26,140.01,143.18,134.44,136.98
2009-02-27,137.2,140.22,135.95,138.07
2009-03-02,135.42,135.42,131.28,132.47
2009-03-03,129.46,134.44,129.36,133.78
2009-03-04,132.77,138.71,131.22,138.21
2009-03-05,139.35,140.29,137.15,138.25
2009-03-06,135.35,138.45,135.32,137.83
2009-03-09,139.61,140.8,137.22,140.0
2009-03-10,138.4,143.4,138.37,142.73
2009-03-11,146.93,147.7,146.3,147.6
2009-03-12,147.38,148.19,144.94,148.02
2009-03-13,149.06,150.54,147.21,147.29
2009-03-16,147.11,149.46,146.12,147.0
2009-03-17,149.08,152.6,148.05,152.17
2009-03-18,153.84,153.84,151.09,152.89
2009-03-19,154.21,155.12,151.01,151.51
2009-03-20,151.9,154.05,151.59,152.58
2009-03-23,153.69,156.8,153.61,156.42
2009-03-24,159.94,160.03,157.21,159.56
2009-03-25,158.69,160.28,157.93,160.28
2009-03-26,159.69,162.28,158.45,162.22
2009-03-27,162.71,163.98,161.09,161.66
2009-03-30,161.89,162.64,156.2,156.23
2009-03-31,157.31,160.33,156.86,157.01
2009-04-01,158.02,161.22,156.24,160.46
2009-04-02,163.3,166.45,162.55,166.18
2009-04-03,167.65,168.36,165.86,167.11
2009-04-06,168.21,171.42,168.17,168.62
2009-04-07,168.3,169.14,166.41,168.34
2009-04-08,166.3,166.71,162.46,162.68
2009-04-09,164.13,169.73,163.84,169.48
2009-04-10,172.61,174.78,169.89,172.01
2009-04-13,172.49,174.01,170.87,171.69
2009-04-14,173.56,174.04,169.55,172.03
2009-04-15,169.24,171.87,167.68,171.21
2009-04-16,174.26,176.12,171.42,171.73
2009-04-17,174.03,174.99,169.71,171.33
2009-04-20,172.55,173.04,169.04,172.3
2009-04-21,168.58,172.35,167.66,171.96
2009-04-22,173.28,175.11,171.86,174.4
2009-04-23,175.88,176.64,173.9,176.14
2009-04-24,176.31,176.99,172.75,174.13
2009-04-27,174.31,175.59,171.2,172.13
2009-04-28,172.69,174.0,167.14,167.24
2009-04-29,168.53,172.08,167.28,172.08
2009-04-30,174.04,177.3,173.54,176.0
2009-05-04,178.23,179.69,177.46,179.69
2009-05-06,179.76,181.03,177.88,178.82
2009-05-07,181.52,181.82,178.27,179.74
2009-05-08,179.58,181.07,178.34,181.04
2009-05-11,181.42,182.09,179.88,181.35
2009-05-12,180.24,180.84,178.73,179.73
2009-05-13,180.46,181.27,179.37,181.14
2009-05-14,178.67,179.09,176.28,176.29
2009-05-15,178.09,178.96,177.09,177.8
2009-05-18,176.94,177.41,174.56,177.26
2009-05-19,181.3,182.81,180.62,182.76
2009-05-20,182.75,184.01,182.4,183.8
2009-05-21,183.08,183.26,180.59,181.82
2009-05-22,179.69,182.7,178.86,179.01
2009-05-25,177.58,180.31,167.47,178.57
2009-05-26,179.12,179.3,173.5,174.77
2009-05-27,177.63,178.26,173.47,173.75
2009-05-28,173.28,178.19,172.42,178.19
2009-05-29,178.16,178.97,176.42,178.7
2009-06-01,178.42,180.9,176.92,180.9
2009-06-02,183.64,183.71,180.3,180.47
2009-06-03,181.78,182.25,178.93,180.31
2009-06-04,179.55,179.75,175.35,175.75
2009-06-05,177.43,177.77,175.12,177.77
2009-06-08,177.65,180.0,176.87,177.67
2009-06-09,179.49,180.0,174.87,174.91
2009-06-10,176.01,180.96,175.52,180.91
2009-06-11,180.49,183.84,179.9,181.43
2009-06-12,182.74,183.72,181.23,182.69
2009-06-15,182.59,182.64,178.97,180.66
2009-06-16,178.27,180.32,177.58,178.88
2009-06-17,177.9,178.65,176.85,177.8
2009-06-18,177.56,178.34,174.9,175.54
2009-06-19,176.96,177.38,174.94,176.63
2009-06-22,176.46,179.11,176.12,179.02
2009-06-23,175.17,175.81,173.52,174.32
2009-06-24,174.96,176.0,173.22,175.08
2009-06-25,175.5,180.46,175.5,178.86
2009-06-26,180.04,180.41,178.45,179.28
2009-06-29,179.92,181.42,178.4,178.81
2009-06-30,180.65,181.65,178.69,178.99
2009-07-01,178.53,182.5,177.75,181.95
2009-07-02,182.92,182.96,180.8,181.85
2009-07-03,179.11,182.92,179.02,182.92
2009-07-06,182.78,185.04,182.36,184.5
2009-07-07,185.18,186.02,184.2,185.11
2009-07-08,183.86,184.73,182.28,184.73
2009-07-09,184.26,186.51,183.94,184.72
2009-07-10,185.27,185.43,182.84,184.56
2009-07-13,184.23,184.23,178.15,178.15
2009-07-14,181.13,181.35,178.34,179.43
2009-07-15,181.94,184.58,181.82,184.26
2009-07-16,186.57,187.15,185.39,186.22
2009-07-17,187.63,187.96,186.21,187.16
2009-07-20,188.11,192.77,187.97,192.25
2009-07-21,193.65,194.73,192.48,193.62
2009-07-22,193.96,194.6,193.1,194.29
2009-07-23,194.45,195.65,192.93,194.4
2009-07-24,195.9,196.31,194.32,195.13
2009-07-27,196.23,198.92,195.48,198.07
2009-07-28,197.69,198.77,197.4,198.52
2009-07-29,198.19,198.98,197.19,198.24
2009-07-30,198.4,200.02,196.56,199.88
2009-07-31,200.9,203.35,200.07,202.96
2009-08-03,203.59,204.69,202.67,203.81
2009-08-04,205.28,206.67,203.08,204.1
2009-08-05,204.72,205.43,202.96,203.19
2009-08-06,202.59,204.87,201.33,203.74
2009-08-07,203.41,205.07,202.86,204.95
2009-08-10,206.16,206.56,204.27,204.77
2009-08-11,204.21,205.25,203.91,204.96
2009-08-12,203.87,203.94,201.01,202.67
2009-08-13,204.52,205.1,202.46,202.46
2009-08-14,204.92,206.8,204.6,206.46
2009-08-17,205.97,205.97,199.77,200.52
2009-08-18,198.88,202.6,198.66,201.33
2009-08-19,201.78,203.61,201.08,201.08
2009-08-20,203.02,205.41,201.04,205.22
2009-08-21,206.05,207.35,203.93,206.26
2009-08-24,209.43,210.93,209.18,210.6
2009-08-25,209.27,210.41,208.38,209.12
2009-08-26,209.79,210.8,209.06,210.62
2009-08-27,209.74,210.52,207.36,208.62
2009-08-28,210.45,211.07,208.58,209.74
2009-08-31,209.43,209.99,205.8,207.44
2009-09-01,207.54,212.2,206.25,211.89
2009-09-02,208.55,211.85,207.63,210.51
2009-09-03,210.6,211.53,209.43,210.6
2009-09-04,211.91,211.91,208.32,209.81
2009-09-07,211.08,211.31,208.55,209.73
2009-09-08,210.76,211.74,210.08,211.4
2009-09-09,211.7,211.86,209.31,210.09
2009-09-10,211.09,214.96,210.74,214.92
2009-09-11,214.77,216.29,214.16,215.81
2009-09-14,215.87,215.99,212.55,213.42
2009-09-15,214.9,216.41,214.16,216.14
2009-09-16,217.0,222.07,216.95,220.53
2009-09-17,222.73,223.54,220.3,222.31
2009-09-18,222.2,224.75,221.78,222.34
2009-09-21,222.35,223.7,221.27,221.85
2009-09-22,222.72,225.65,222.57,225.27
2009-09-23,225.89,225.93,223.84,224.69
2009-09-24,223.9,225.18,220.57,222.35
2009-09-25,221.24,221.9,217.83,221.82
2009-09-28,219.89,220.86,218.53,219.66
2009-09-29,222.39,222.55,220.16,221.59
2009-09-30,221.51,223.88,218.66,219.75
2009-10-01,220.81,221.54,213.96,215.94
2009-10-05,212.69,213.63,210.02,210.38
2009-10-06,212.19,213.09,208.23,209.25
2009-10-07,212.0,212.86,208.94,208.94
2009-10-08,210.31,211.08,208.0,211.01
2009-10-09,211.98,215.85,210.88,215.57
2009-10-12,217.34,217.55,213.07,214.23
2009-10-13,213.5,215.01,210.92,213.1
2009-10-14,215.14,216.5,214.29,215.9
2009-10-15,217.69,219.25,216.62,217.47
2009-10-16,217.02,218.78,214.49,214.91
2009-10-19,213.89,216.37,211.24,216.19
2009-10-20,218.31,218.61,216.13,217.53
2009-10-21,216.13,218.22,215.55,216.64
2009-10-22,214.32,216.12,212.2,213.25
2009-10-23,215.07,215.75,213.54,214.73
2009-10-26,213.87,218.27,213.79,217.45
2009-10-27,216.07,216.88,214.78,216.47
2009-10-28,216.37,216.85,210.19,211.03
2009-10-29,207.5,207.95,204.83,207.68
2009-10-30,210.3,210.3,206.81,206.81
2009-11-02,201.76,205.72,201.76,204.25
2009-11-03,204.49,204.93,202.95,203.13
2009-11-04,203.93,207.19,203.13,207.18
2009-11-05,205.57,206.12,203.34,203.52
2009-11-06,207.0,207.13,205.38,206.53
2009-11-09,207.29,209.41,206.68,207.29
2009-11-10,209.89,210.65,207.79,208.23
2009-11-11,209.41,210.08,207.22,210.08
2009-11-12,210.51,211.17,206.67,206.67
2009-11-13,208.0,208.77,205.38,206.84
2009-11-16,207.61,209.9,206.1,209.9
2009-11-17,210.86,211.3,208.92,209.0
2009-11-18,210.54,212.88,210.29,211.56
2009-11-19,212.28,214.62,212.14,213.89
2009-11-20,212.88,214.5,212.6,213.76
2009-11-23,214.2,215.29,212.67,213.72
2009-11-24,214.79,214.87,211.04,211.92
2009-11-25,212.18,213.14,210.93,212.61
2009-11-26,211.8,213.87,210.77,210.77
2009-11-27,207.4,208.37,200.06,200.73
2009-11-30,203.81,206.66,203.81,204.75
2009-12-01,204.02,207.07,202.99,207.07
2009-12-02,208.82,210.97,208.41,210.25
2009-12-03,211.01,213.31,210.55,213.31
2009-12-04,212.43,215.34,212.34,214.5
2009-12-07,215.65,216.07,214.52,215.55
2009-12-08,215.24,216.4,214.07,214.91
2009-12-09,213.3,215.9,212.47,215.75
2009-12-10,215.95,218.73,212.7,218.73
2009-12-11,218.26,220.01,216.9,218.77
2009-12-14,219.48,219.69,216.77,219.51
2009-12-15,218.72,219.99,218.48,219.6
2009-12-16,219.65,220.22,217.66,219.32
2009-12-17,219.17,219.33,216.82,216.9
2009-12-18,215.82,217.37,214.69,216.68
2009-12-21,216.47,217.08,215.13,216.2
2009-12-22,217.77,218.08,216.61,217.87
2009-12-23,218.66,218.95,217.81,218.95
2009-12-24,219.15,222.62,218.83,221.67
2009-12-28,223.04,223.06,221.16,222.03
2009-12-29,220.57,221.65,218.92,220.34
2009-12-30,220.1,221.86,218.99,221.86
2010-01-04,221.67,223.49,221.66,223.49
2010-01-05,224.24,224.4,222.18,222.84
2010-01-06,223.83,224.96,223.52,224.67
2010-01-07,224.23,224.77,221.31,221.31
2010-01-08,222.65,222.81,219.15,222.66
2010-01-11,223.31,224.18,222.23,222.23
2010-01-12,222.5,223.39,220.86,223.04
2010-01-13,220.82,221.46,219.01,219.17
2010-01-14,220.39,222.24,219.88,221.19
2010-01-15,222.33,223.69,221.12,223.21
2010-01-18,222.26,225.19,221.21,224.38
2010-01-19,225.44,226.1,223.55,224.13
2010-01-20,225.87,225.97,223.88,224.83
2010-01-21,223.03,226.16,222.41,226.16
2010-01-22,222.59,223.9,218.22,220.68
2010-01-25,217.72,220.65,217.37,219.33
2010-01-26,219.09,219.41,213.52,214.89
2010-01-27,215.38,215.63,212.51,213.02
2010-01-28,213.94,216.65,212.53,215.67
2010-01-29,212.77,213.63,209.4,210.34
2010-02-01,210.53,211.68,208.77,210.76
2010-02-02,212.36,212.36,208.55,209.27
2010-02-03,211.76,212.45,209.99,211.86
2010-02-04,211.82,212.44,210.71,211.72
2010-02-05,205.48,206.39,204.31,205.06
2010-02-08,204.6,204.87,202.69,203.37
2010-02-09,203.17,206.25,202.93,206.01
2010-02-10,206.98,207.41,205.23,205.94
2010-02-11,206.55,210.17,206.45,209.73
2010-02-12,209.35,209.59,206.56,208.74
2010-02-16,208.21,210.84,207.77,209.73
2010-02-17,212.24,213.56,212.09,213.44
2010-02-18,213.81,213.98,212.11,212.55
2010-02-19,211.12,212.85,208.56,208.7
2010-02-22,211.92,213.97,211.92,213.28
2010-02-23,213.29,213.68,211.61,213.45
2010-02-24,211.69,211.93,210.11,210.92
2010-02-25,211.86,212.16,206.85,207.56
2010-02-26,208.53,208.86,206.69,208.36
2010-03-02,210.99,212.15,210.58,211.44
2010-03-03,211.42,212.4,210.81,212.36
2010-03-04,212.75,213.66,211.12,211.91
2010-03-05,212.87,214.09,212.79,214.05
2010-03-08,216.79,217.87,216.31,217.73
2010-03-09,217.4,217.89,216.74,217.82
2010-03-10,217.9,218.07,216.63,217.82
2010-03-11,218.98,219.29,216.65,216.76
2010-03-12,218.11,218.17,216.14,217.35
2010-03-15,217.53,218.15,214.63,215.49
2010-03-16,216.15,216.26,214.5,215.25
2010-03-17,217.39,220.28,216.83,220.28
2010-03-18,219.69,220.88,219.02,219.02
2010-03-19,220.05,220.77,219.32,220.48
2010-03-22,219.31,219.73,217.35,218.52
2010-03-23,220.27,220.95,219.44,220.09
2010-03-24,221.71,222.03,219.73,220.09
2010-03-25,220.11,221.13,219.58,221.07
2010-03-26,220.35,222.63,219.83,222.25
2010-03-29,220.11,222.55,220.03,221.6
2010-03-30,223.45,223.5,221.63,222.48
2010-03-31,222.76,223.2,221.06,221.58
2010-04-01,221.98,225.58,221.98,225.47
2010-04-02,226.03,226.78,225.28,226.69
2010-04-05,227.37,228.02,225.61,227.48
2010-04-06,228.62,228.64,226.49,227.51
2010-04-07,227.33,227.82,226.62,227.31
2010-04-08,226.66,228.27,226.22,228.27
2010-04-09,228.34,228.76,224.82,226.81
2010-04-12,227.56,227.94,224.14,224.59
2010-04-13,225.21,225.48,222.93,224.69
2010-04-14,226.01,228.08,226.01,228.08
2010-04-15,229.52,229.84,227.13,229.17
2010-04-16,228.83,229.11,226.21,227.69
2010-04-19,224.17,225.76,223.04,223.65
2010-04-20,224.98,225.69,224.15,225.13
2010-04-21,226.82,229.24,226.72,229.09
2010-04-22,227.6,228.02,226.19,227.76
2010-04-23,228.99,229.08,226.66,227.36
2010-04-26,228.5,230.54,228.47,229.64
2010-04-27,229.06,230.1,228.16,229.28
2010-04-28,224.81,226.98,224.61,226.98
2010-04-29,227.58,227.58,224.98,226.11
2010-04-30,227.94,229.14,227.59,227.95
2010-05-03,227.04,227.72,223.67,225.1
2010-05-04,226.29,227.0,224.22,224.76
2010-05-06,219.56,220.76,218.72,220.21
2010-05-07,213.33,216.59,212.41,215.09
2010-05-10,216.86,219.53,215.88,219.1
2010-05-11,220.94,221.0,216.63,217.63
2010-05-12,218.86,219.26,215.98,216.78
2010-05-13,219.55,221.68,219.34,220.8
2010-05-14,219.58,221.69,218.45,221.08
2010-05-17,217.34,217.9,214.27,215.36
2010-05-18,216.68,216.8,212.57,214.42
2010-05-19,211.26,212.54,208.83,212.43
2010-05-20,211.55,213.85,207.71,208.78
2010-05-24,207.5,211.36,207.46,210.27
2010-05-25,207.58,207.79,201.5,204.83
2010-05-26,206.95,207.51,203.21,206.62
2010-05-27,204.54,210.49,204.52,209.83
2010-05-28,212.93,212.93,209.93,212.1
2010-05-31,212.43,214.34,211.81,214.34
2010-06-01,213.3,214.46,211.89,213.02
2010-06-03,214.84,217.95,214.51,217.58
2010-06-04,217.37,218.79,217.03,218.03
2010-06-07,213.55,214.57,211.95,214.38
2010-06-08,213.84,216.8,213.21,216.08
2010-06-09,216.15,216.56,213.81,215.26
2010-06-10,215.82,217.23,214.64,215.73
2010-06-11,218.85,219.87,217.3,219.22
2010-06-14,220.22,222.54,219.99,221.43
2010-06-15,220.94,222.32,220.4,221.34
2010-06-16,223.81,224.18,221.96,223.34
2010-06-17,223.54,224.08,222.49,223.45
2010-06-18,223.75,224.04,222.41,223.77
2010-06-21,226.07,227.99,225.51,227.69
2010-06-22,226.12,226.9,225.36,226.45
2010-06-23,225.08,226.41,224.92,225.59
2010-06-24,225.33,227.45,224.89,227.45
2010-06-25,224.87,226.15,224.44,225.63
2010-06-28,226.17,226.35,225.01,225.55
2010-06-29,225.94,226.72,221.94,222.54
2010-06-30,218.7,221.09,218.24,220.85
2010-07-01,219.26,220.23,216.26,218.65
2010-07-02,219.13,219.87,216.43,217.01
2010-07-05,217.43,218.29,215.96,217.47
2010-07-06,215.93,219.16,214.04,219.12
2010-07-07,219.09,219.09,216.39,217.45
2010-07-08,220.66,221.29,219.86,220.78
2010-07-09,222.07,224.44,220.63,224.44
2010-07-12,225.51,225.87,224.58,225.86
2010-07-13,226.32,228.19,225.74,226.14
2010-07-14,228.79,230.23,228.69,229.27
2010-07-15,228.75,229.44,228.02,228.39
2010-07-16,228.28,228.83,226.06,226.34
2010-07-19,223.64,226.23,223.51,225.32
2010-07-20,224.47,226.47,224.08,225.84
2010-07-21,228.16,228.65,226.67,227.88
2010-07-22,227.33,228.46,225.9,226.23
2010-07-23,229.05,229.88,227.66,229.5
2010-07-26,229.7,231.64,229.48,230.87
2010-07-27,231.66,232.14,230.46,230.93
2010-07-28,231.7,232.06,230.39,231.56
2010-07-29,231.01,231.86,230.63,231.16
2010-07-30,230.7,231.69,228.71,229.25
2010-08-02,230.82,232.63,230.26,232.22
2010-08-03,234.1,234.2,232.64,233.38
2010-08-04,234.08,234.08,231.23,233.14
2010-08-05,234.13,234.29,231.03,232.39
2010-08-06,232.14,232.68,230.4,232.35
2010-08-09,231.59,233.23,231.21,233.14
2010-08-10,233.42,233.84,231.8,232.04
2010-08-11,231.15,231.3,228.5,228.98
2010-08-12,225.42,226.8,223.96,223.96
2010-08-13,225.12,227.28,224.23,227.01
2010-08-16,225.32,226.9,222.8,226.51
2010-08-17,225.45,228.34,224.95,227.96
2010-08-18,229.14,229.23,227.72,228.9
2010-08-19,229.2,232.09,229.01,231.88
2010-08-20,230.41,231.44,229.74,231.17
2010-08-23,231.82,233.01,230.02,230.2
2010-08-24,228.6,230.92,227.65,229.42
2010-08-25,227.49,228.47,225.98,225.99
2010-08-26,227.2,227.38,225.39,225.39
2010-08-27,224.63,226.04,223.91,225.52
2010-08-30,228.17,229.72,227.77,229.63
2010-08-31,227.88,228.61,226.15,226.81
2010-09-01,228.0,229.97,227.3,229.41
2010-09-02,232.03,232.06,229.57,230.66
2010-09-03,231.26,232.01,230.26,231.04
2010-09-06,232.6,233.04,231.73,232.77
2010-09-07,232.78,233.44,232.23,232.45
2010-09-08,231.31,232.06,229.89,230.94
2010-09-09,231.93,232.56,230.25,231.53
2010-09-10,232.68,234.95,232.55,233.93
2010-09-13,235.23,236.56,234.83,236.34
2010-09-14,237.19,237.65,235.43,235.98
2010-09-15,236.21,237.62,235.7,237.14
2010-09-16,236.82,237.15,235.36,235.37
2010-09-17,237.04,237.92,235.47,237.64
2010-09-20,236.71,238.55,236.21,238.29
2010-09-24,237.78,239.8,237.04,239.8
2010-09-27,240.99,241.55,240.26,241.38
2010-09-28,241.16,241.73,240.31,240.59
2010-09-29,241.94,243.32,241.88,242.27
2010-09-30,242.67,243.02,241.37,242.95
2010-10-01,242.87,244.44,242.38,243.49
2010-10-04,244.47,245.28,243.46,243.99
2010-10-05,243.22,244.74,242.59,244.22
2010-10-06,246.53,248.01,246.11,247.7
2010-10-07,247.17,247.91,246.21,247.22
2010-10-08,247.16,247.19,245.37,246.51
2010-10-11,247.99,248.05,244.79,245.44
2010-10-12,245.76,245.95,241.2,242.35
2010-10-13,243.63,244.01,241.73,242.99
2010-10-14,244.38,246.25,244.02,246.25
2010-10-15,246.03,246.68,245.31,246.56
2010-10-18,246.81,246.93,242.64,242.64
2010-10-19,242.96,243.81,240.11,240.11
2010-10-20,238.41,242.64,237.25,241.79
2010-10-21,242.71,242.84,239.99,242.53
2010-10-22,243.58,245.86,243.31,245.84
2010-10-25,246.52,248.74,245.91,248.16
2010-10-26,247.7,248.5,247.07,248.38
2010-10-27,248.22,248.92,245.68,246.61
2010-10-28,246.53,247.46,245.72,246.41
2010-10-29,247.19,247.27,242.14,242.98
2010-11-01,243.92,247.41,242.68,247.41
2010-11-02,247.02,248.32,246.54,247.93
2010-11-03,249.62,251.33,249.28,249.99
2010-11-04,250.73,251.51,250.17,251.12
2010-11-05,253.85,254.82,251.14,251.22
2010-11-08,252.32,252.7,250.01,251.73
2010-11-09,251.81,252.3,250.56,252.07
2010-11-10,251.87,255.14,251.79,255.13
2010-11-11,254.86,256.51,247.51,247.51
2010-11-12,252.78,254.02,246.62,248.35
2010-11-15,249.34,250.56,247.47,249.22
2010-11-16,248.96,249.65,246.4,247.84
2010-11-17,245.02,248.99,244.75,247.3
2010-11-18,248.92,251.36,248.25,251.15
2010-11-19,252.3,253.06,251.09,253.04
2010-11-22,253.82,254.97,253.16,254.0
2010-11-23,253.22,253.97,250.73,252.12
2010-11-24,246.77,252.78,246.57,252.38
2010-11-25,253.3,253.42,250.68,252.45
2010-11-26,253.07,253.69,248.27,249.31
2010-11-29,249.92,251.02,246.84,248.92
2010-11-30,247.97,251.82,247.86,249.64
2010-12-01,250.08,252.8,249.54,252.8
2010-12-02,254.61,256.1,254.24,256.02
2010-12-03,257.51,257.65,256.15,257.65
2010-12-06,258.12,258.26,256.28,257.32
2010-12-07,257.46,259.16,256.96,258.63
2010-12-08,258.25,259.76,257.35,257.51
2010-12-09,258.57,262.32,258.17,262.32
2010-12-10,261.57,262.73,260.82,261.74
2010-12-13,262.7,263.54,261.37,263.31
2010-12-14,263.94,265.19,263.38,265.13
2010-12-15,265.03,265.95,264.2,265.95
2010-12-16,264.83,266.47,263.97,264.92
2010-12-17,266.19,267.89,265.14,267.67
2010-12-20,265.48,267.69,264.06,267.42
2010-12-21,269.13,270.44,268.61,269.31
2010-12-22,269.52,270.43,269.02,269.6
2010-12-23,270.03,270.23,268.27,269.62
2010-12-24,270.1,270.36,268.29,268.5
2010-12-27,267.68,269.11,266.79,267.35
2010-12-28,268.21,270.37,267.94,269.04
2010-12-29,268.29,270.49,268.0,270.44
2010-12-30,270.84,271.53,270.0,271.19
2011-01-03,272.84,273.81,271.63,273.81
2011-01-04,274.29,275.78,273.69,275.78
2011-01-05,275.37,275.94,274.57,275.35
2011-01-06,276.91,277.13,273.08,274.72
2011-01-07,274.0,275.61,273.24,275.61
2011-01-10,274.91,275.75,272.44,273.99
2011-01-11,273.81,275.1,271.26,275.1
2011-01-12,275.53,276.7,274.79,276.17
2011-01-13,276.49,278.52,274.81,275.52
2011-01-14,275.39,278.17,273.45,278.17
2011-01-17,278.49,279.67,277.04,277.05
2011-01-18,276.43,278.8,276.07,276.6
2011-01-19,277.9,279.86,274.81,279.25
2011-01-20,278.52,278.96,277.12,277.75
2011-01-21,277.22,277.38,272.28,272.67
2011-01-24,272.25,274.68,271.92,274.5
2011-01-25,275.8,277.76,274.86,275.18
2011-01-26,276.16,279.19,275.92,278.81
2011-01-27,279.34,280.26,278.34,279.2
2011-01-28,279.18,279.79,276.58,278.45
2011-01-31,274.8,275.95,273.12,273.12
2011-02-01,274.5,275.46,273.44,273.45
2011-02-07,277.76,278.68,274.9,274.9
2011-02-08,276.01,276.36,272.84,273.16
2011-02-09,274.18,274.2,268.84,269.9
2011-02-10,269.21,269.83,264.57,264.57
2011-02-11,264.8,266.76,260.13,260.4
2011-02-14,263.49,266.29,261.98,266.02
2011-02-15,266.49,268.23,264.39,265.4
2011-02-16,264.95,267.14,262.52,262.56
2011-02-17,264.41,265.14,258.83,261.23
2011-02-18,263.03,266.22,261.82,265.8
2011-02-21,265.88,266.07,262.71,264.55
2011-02-22,260.81,262.06,258.58,260.13
2011-02-23,259.18,261.3,257.87,259.21
2011-02-24,258.69,260.4,257.04,257.69
2011-02-25,258.49,259.68,256.43,259.28
2011-02-28,257.96,258.83,255.88,256.36
2011-03-02,253.95,256.58,253.9,254.96
2011-03-03,256.82,260.48,256.55,260.48
2011-03-04,263.06,265.96,262.41,265.42
2011-03-07,264.12,265.2,261.12,261.44
2011-03-08,261.87,265.09,260.56,263.33
2011-03-09,264.84,266.18,262.39,263.8
2011-03-10,263.41,263.66,259.55,260.59
2011-03-11,257.17,259.22,256.15,256.83
2011-03-14,256.64,260.69,254.63,260.69
2011-03-15,260.14,262.77,249.34,254.29
2011-03-16,258.44,260.22,255.66,259.44
2011-03-17,254.66,260.25,254.23,259.8
2011-03-18,260.13,263.59,259.58,262.39
2011-03-21,262.74,265.18,262.64,264.89
2011-03-22,265.97,266.48,264.76,266.05
2011-03-23,266.69,266.99,264.64,265.67
2011-03-24,266.97,268.95,266.85,268.93
2011-03-25,271.91,272.22,269.78,271.66
2011-03-28,271.7,272.65,270.51,272.13
2011-03-29,271.49,274.22,271.04,274.22
2011-03-30,274.76,278.2,274.46,277.04
2011-03-31,277.97,278.87,276.52,278.87
2011-04-01,278.92,280.73,278.1,280.73
2011-04-04,281.1,281.3,278.38,280.01
2011-04-05,280.3,282.03,278.87,282.03
2011-04-06,281.8,282.73,280.25,281.35
2011-04-07,282.22,282.62,279.15,280.45
2011-04-08,280.0,282.21,279.7,281.05
2011-04-11,280.79,282.03,279.34,280.49
2011-04-12,279.74,279.78,275.99,276.13
2011-04-13,276.5,280.68,275.12,280.68
2011-04-14,279.89,283.15,278.65,283.15
2011-04-15,282.36,283.23,280.83,282.8
2011-04-18,283.58,283.98,280.76,282.14
2011-04-19,279.36,282.12,278.83,280.43
2011-04-20,283.63,287.23,282.54,287.19
2011-04-21,289.99,293.16,289.09,291.16
2011-04-22,291.43,292.2,289.86,290.84
2011-04-25,291.72,293.01,290.82,292.69
2011-04-26,293.04,293.59,290.04,291.38
2011-04-27,294.05,295.16,290.04,292.08
2011-04-28,293.23,294.42,290.24,292.15
2011-04-29,292.37,293.76,288.35,290.39
2011-05-02,291.93,295.37,291.88,295.35
2011-05-03,294.85,295.51,289.94,291.65
2011-05-04,290.87,291.49,287.43,288.46
2011-05-06,284.54,285.15,281.93,283.68
2011-05-09,285.16,285.8,282.22,282.59
2011-05-11,285.66,286.3,283.36,286.3
2011-05-12,282.52,283.98,280.02,280.02
2011-05-13,281.27,281.56,277.5,279.59
2011-05-16,277.53,278.85,276.39,277.22
2011-05-17,277.13,278.19,275.57,277.15
2011-05-18,278.22,282.24,277.53,281.76
2011-05-19,282.39,282.73,275.98,276.47
2011-05-20,277.26,278.81,274.89,278.59
2011-05-23,277.08,277.08,271.19,271.19
2011-05-24,270.87,273.27,270.4,271.78
2011-05-25,273.52,274.74,267.77,268.62
2011-05-26,271.99,276.68,271.38,276.33
2011-05-27,275.62,278.97,275.26,277.35
2011-05-30,279.25,279.37,275.1,276.32
2011-05-31,277.73,283.92,277.44,282.76
2011-06-01,282.92,284.34,281.45,282.75
2011-06-02,277.07,280.73,276.37,278.76
2011-06-03,279.98,281.11,278.06,278.84
2011-06-07,276.0,277.88,275.92,276.97
2011-06-08,277.39,278.26,272.68,274.46
2011-06-09,273.55,274.84,271.79,272.44
2011-06-10,274.38,275.6,268.76,269.04
2011-06-13,266.81,270.76,266.44,269.79
2011-06-14,269.26,274.54,268.49,273.67
2011-06-15,275.12,275.26,271.51,274.53
2011-06-16,270.59,272.08,268.42,268.88
2011-06-17,270.18,270.33,263.02,266.22
2011-06-20,266.41,268.26,264.05,264.39
2011-06-21,267.27,269.24,264.28,268.65
2011-06-22,271.25,272.39,270.18,270.71
2011-06-23,268.35,270.77,268.29,269.34
2011-06-24,270.49,274.31,270.2,274.31
2011-06-27,272.23,272.42,269.68,271.44
2011-06-28,274.37,275.59,270.41,270.41
2011-06-29,275.33,275.47,273.06,274.61
2011-06-30,275.82,276.08,274.02,275.17
2011-07-01,277.9,279.69,277.34,278.77
2011-07-04,281.28,282.85,281.13,281.67
2011-07-05,282.1,284.11,281.61,283.88
2011-07-06,283.08,285.12,282.93,285.12
2011-07-07,284.41,286.86,284.06,286.07
2011-07-08,287.73,287.73,285.07,286.05
2011-07-11,284.22,284.78,281.73,282.46
2011-07-12,278.96,279.77,275.77,275.9
2011-07-13,276.83,278.38,275.52,278.32
2011-07-14,276.74,278.03,274.61,278.03
2011-07-15,276.98,279.59,276.86,279.59
2011-07-18,279.93,279.93,275.71,276.71
2011-07-19,276.16,278.08,275.75,276.58
2011-07-20,280.54,281.43,279.57,280.41
2011-07-21,280.19,280.47,277.9,279.2
2011-07-22,281.51,282.73,280.37,282.59
2011-07-25,280.0,280.47,279.0,279.66
2011-07-26,281.34,282.04,279.19,282.04
2011-07-27,279.54,282.77,279.49,282.7
2011-07-28,277.89,280.76,277.87,280.04
2011-07-29,280.52,280.52,277.05,277.11
2011-08-01,280.86,282.79,280.55,282.36
2011-08-02,279.54,279.88,274.71,275.4
2011-08-03,269.8,270.14,266.81,267.8
2011-08-04,267.78,268.35,261.0,261.54
2011-08-05,251.09,255.15,249.32,251.9
2011-08-08,248.34,251.38,233.89,242.45
2011-08-09,234.26,237.55,218.66,233.52
2011-08-10,243.34,243.36,232.75,233.23
2011-08-11,223.79,236.6,223.79,234.14
2011-08-12,237.41,237.94,229.77,230.38
2011-08-16,238.06,242.23,237.75,242.23
2011-08-17,240.68,245.62,240.61,243.43
2011-08-18,243.15,243.61,234.93,238.31
2011-08-19,228.95,229.75,222.95,222.98
2011-08-22,224.62,225.49,218.09,219.15
2011-08-23,222.3,229.17,220.38,228.12
2011-08-24,229.56,231.08,223.52,225.14
2011-08-25,230.3,232.0,226.73,227.02
2011-08-26,225.55,229.73,225.54,229.0
2011-08-29,232.8,236.95,229.94,235.78
2011-08-30,239.13,240.47,236.72,237.64
2011-08-31,237.91,242.16,236.59,242.16
2011-09-01,243.07,248.84,241.95,242.37
2011-09-02,241.18,243.76,238.42,240.16
2011-09-05,234.93,235.03,228.89,228.89
2011-09-06,224.46,229.82,223.18,226.65
2011-09-07,232.72,236.15,231.04,236.12
2011-09-08,239.55,239.64,235.48,238.47
2011-09-09,234.09,238.51,233.4,233.4
2011-09-14,231.92,232.68,224.16,225.15
2011-09-15,231.65,233.01,224.54,228.58
2011-09-16,234.94,238.49,233.32,237.5
2011-09-19,234.58,237.5,233.74,235.32
2011-09-20,235.29,238.11,231.55,237.53
2011-09-21,238.08,241.85,236.57,239.51
2011-09-22,233.2,234.77,230.02,232.05
2011-09-23,223.64,224.8,218.58,218.62
2011-09-26,221.85,221.96,212.92,214.18
2011-09-27,221.23,225.37,219.76,225.29
2011-09-28,227.28,228.95,223.82,223.82
2011-09-29,222.51,230.54,221.76,230.37
2011-09-30,228.79,231.23,226.61,230.41
2011-10-04,218.92,221.99,215.53,221.93
2011-10-05,223.64,223.64,216.39,217.34
2011-10-06,223.99,227.25,223.47,223.94
2011-10-07,229.61,231.47,228.92,230.27
2011-10-10,230.64,233.38,230.34,230.82
2011-10-11,236.75,236.9,234.27,234.8
2011-10-12,233.79,236.91,232.44,236.66
2011-10-13,239.65,240.32,238.09,238.09
2011-10-14,236.96,240.3,235.44,239.67
2011-10-17,242.43,243.49,241.0,243.49
2011-10-18,238.47,240.98,237.99,239.89
2011-10-19,241.5,242.11,239.09,242.11
2011-10-20,242.2,244.22,235.36,235.57
2011-10-21,239.03,240.83,235.94,240.02
2011-10-24,242.5,248.21,242.44,248.21
2011-10-25,248.41,249.18,246.43,247.2
2011-10-26,244.87,247.9,243.73,247.56
2011-10-27,249.0,251.5,246.96,251.2
2011-10-28,256.42,256.88,251.4,252.47
2011-10-31,251.36,254.33,248.83,249.88
2011-11-01,247.51,252.22,247.5,249.92
2011-11-02,244.87,248.28,243.24,248.03
2011-11-03,247.4,247.4,243.14,244.09
2011-11-04,249.8,252.44,248.95,252.34
2011-11-07,252.66,252.66,250.14,250.78
2011-11-08,251.85,251.94,247.86,248.32
2011-11-09,251.38,252.0,247.92,249.23
2011-11-10,243.07,243.38,236.02,236.02
2011-11-11,239.79,243.05,237.35,242.99
2011-11-14,246.4,249.02,246.37,248.27
2011-11-15,246.25,247.97,244.98,246.21
2011-11-16,247.71,249.6,241.44,241.98
2011-11-17,242.87,244.84,239.09,244.6
2011-11-18,239.55,241.13,238.5,239.43
2011-11-21,238.54,238.54,235.32,236.64
2011-11-22,233.8,238.46,233.71,237.8
2011-11-23,236.81,236.93,231.32,231.68
2011-11-24,230.7,234.26,229.93,233.35
2011-11-25,231.11,232.78,229.74,231.03
2011-11-28,235.09,236.86,233.87,236.59
2011-11-29,238.4,242.61,237.77,242.5
2011-11-30,241.15,242.64,240.04,241.19
2011-12-01,250.12,252.82,249.76,251.52
2011-12-02,251.23,252.04,249.95,251.19
2011-12-05,252.87,253.02,250.52,252.22
2011-12-06,250.94,251.94,247.88,249.48
2011-12-07,251.08,252.12,249.69,251.57
2011-12-08,250.26,252.4,248.47,250.31
2011-12-09,246.28,247.85,244.67,244.93
2011-12-12,248.73,248.86,247.0,248.55
2011-12-13,245.44,245.87,243.48,243.48
2011-12-14,241.67,243.54,241.59,242.35
2011-12-15,239.15,240.02,236.48,236.72
2011-12-16,237.85,240.13,237.22,239.82
2011-12-19,238.3,238.35,227.54,231.74
2011-12-20,233.79,234.49,232.25,233.83
2011-12-21,240.01,241.87,239.1,241.51
2011-12-22,240.5,241.4,239.67,241.4
2011-12-23,243.26,244.95,243.06,244.22
2011-12-26,244.96,245.1,242.04,242.64
2011-12-27,242.69,243.91,236.43,240.79
2011-12-28,239.44,239.44,237.28,238.15
2011-12-29,236.87,239.55,235.7,238.08
2012-01-02,239.04,239.96,236.81,238.7
2012-01-03,241.56,245.82,241.56,245.82
2012-01-04,246.89,247.06,244.16,244.24
2012-01-05,244.58,245.5,243.25,243.56
2012-01-06,243.97,243.97,237.88,240.57
2012-01-09,238.88,238.99,235.95,238.02
2012-01-10,240.07,242.69,239.89,241.69
2012-01-11,242.19,242.29,240.46,240.83
2012-01-12,241.8,243.46,239.82,243.46
2012-01-13,243.6,246.06,243.02,245.28
2012-01-16,243.34,243.7,240.88,243.1
2012-01-17,245.79,247.82,245.76,247.81
2012-01-18,247.57,248.81,246.68,247.82
2012-01-19,250.6,251.34,249.15,251.27
2012-01-20,252.28,256.94,252.28,256.61
2012-01-25,256.22,260.07,256.1,257.14
2012-01-26,258.05,258.49,256.49,257.52
2012-01-27,258.01,258.88,256.38,258.65
2012-01-30,257.39,258.12,254.68,255.21
2012-01-31,255.45,257.88,254.09,256.9
2012-02-01,255.73,258.81,255.56,257.06
2012-02-02,260.18,261.96,259.25,260.35
2012-02-03,259.95,260.09,257.06,258.53
2012-02-06,261.65,262.0,257.65,258.93
2012-02-07,259.37,260.26,258.41,259.8
2012-02-08,260.26,262.94,259.96,262.94
2012-02-09,261.99,264.5,259.28,264.5
2012-02-10,263.6,263.77,260.19,261.17
2012-02-13,262.14,263.56,260.88,262.75
2012-02-14,261.69,263.08,261.32,262.38
2012-02-15,263.76,266.13,263.69,265.88
2012-02-16,262.99,263.93,261.61,261.89
2012-02-17,265.9,266.84,265.01,265.82
2012-02-20,268.28,269.26,265.92,265.95
2012-02-21,265.41,266.89,263.5,265.89
2012-02-22,264.88,266.69,264.55,266.63
2012-02-23,264.78,264.78,262.72,263.58
2012-02-24,263.77,265.2,262.1,265.2
2012-02-27,264.21,264.33,260.76,261.3
2012-02-28,262.19,263.93,261.8,263.45
2012-02-29,265.06,267.68,265.03,267.13
2012-03-02,268.64,269.5,267.27,267.45
2012-03-05,266.56,266.9,264.12,264.75
2012-03-06,265.25,265.94,261.2,262.85
2012-03-07,258.65,261.17,258.32,260.35
2012-03-08,261.23,263.55,259.65,262.85
2012-03-09,265.27,266.33,263.18,265.62
2012-03-12,265.67,265.74,263.6,263.74
2012-03-13,265.1,267.74,265.1,266.9
2012-03-14,270.47,271.68,269.85,269.85
2012-03-15,269.81,270.61,269.05,269.76
2012-03-16,271.39,271.48,268.22,268.27
2012-03-19,269.01,270.61,268.58,270.27
2012-03-20,270.2,271.59,268.74,269.68
2012-03-21,268.14,269.46,266.9,267.79
2012-03-22,267.6,268.45,266.44,267.98
2012-03-23,266.36,268.44,266.15,267.95
2012-03-26,269.13,270.06,266.43,267.41
2012-03-27,270.62,270.87,268.97,270.71
2012-03-28,269.86,270.55,269.07,269.64
2012-03-29,267.87,268.72,266.15,267.13
2012-03-30,266.5,267.22,265.19,266.58
2012-04-02,267.72,269.36,266.8,268.99
2012-04-03,270.66,272.83,270.31,272.46
2012-04-04,272.13,272.48,267.98,268.33
2012-04-05,266.69,270.33,265.48,269.96
2012-04-06,269.54,270.41,268.96,269.97
2012-04-09,266.95,267.24,265.44,265.88
2012-04-10,266.48,267.81,264.83,265.38
2012-04-12,263.88,263.95,261.47,263.95
2012-04-13,265.95,267.27,265.11,266.86
2012-04-16,263.58,265.4,263.28,264.49
2012-04-17,264.72,265.43,263.02,263.32
2012-04-18,267.39,267.51,265.72,266.22
2012-04-19,265.6,266.86,264.74,265.58
2012-04-20,263.79,263.83,261.25,261.84
2012-04-23,261.31,262.8,260.34,261.66
2012-04-24,259.47,261.82,259.22,260.76
2012-04-25,263.24,263.24,260.72,260.82
2012-04-26,262.89,263.25,260.28,261.51
2012-04-27,262.7,264.48,262.3,263.43
2012-04-30,265.4,265.67,263.7,264.35
2012-05-02,266.1,267.01,265.35,266.61
2012-05-03,266.05,266.7,265.35,266.05
2012-05-04,264.72,265.41,263.72,264.4
2012-05-07,259.71,260.29,259.1,259.73
2012-05-08,261.28,261.62,260.35,261.12
2012-05-09,259.88,260.46,258.22,258.79
2012-05-10,258.0,259.01,256.94,257.89
2012-05-11,256.97,256.97,253.91,254.0
2012-05-14,254.07,255.02,252.3,254.11
2012-05-15,251.97,253.08,250.24,252.32
2012-05-16,250.63,250.88,243.79,243.93
2012-05-17,244.15,246.21,242.52,244.48
2012-05-18,240.12,240.14,235.46,235.85
2012-05-21,238.61,239.41,237.02,238.62
2012-05-22,242.38,243.04,240.58,242.66
2012-05-23,240.7,240.71,237.93,239.76
2012-05-24,239.44,240.72,238.43,240.51
2012-05-25,241.06,242.92,240.36,241.6
2012-05-29,241.14,245.67,240.49,245.26
2012-05-30,244.68,244.92,242.27,244.68
2012-05-31,241.17,244.05,240.16,244.05
2012-06-01,242.45,244.03,240.97,242.98
2012-06-04,235.91,237.51,235.37,236.3
2012-06-05,238.54,239.47,237.36,238.79
2012-06-07,244.1,246.16,244.1,245.51
2012-06-08,246.34,246.39,243.3,243.69
2012-06-11,247.3,248.55,247.12,248.3
2012-06-12,244.62,246.99,244.55,246.43
2012-06-13,248.14,248.14,245.64,247.08
2012-06-14,246.7,248.62,246.43,248.62
2012-06-15,248.52,248.54,245.09,246.57
2012-06-18,251.43,252.69,250.57,251.37
2012-06-19,250.5,251.7,250.0,251.31
2012-06-20,253.59,253.59,251.71,252.92
2012-06-21,251.59,252.31,249.22,250.46
2012-06-22,246.57,246.92,243.74,244.15
2012-06-25,243.37,243.37,239.19,240.75
2012-06-26,239.81,241.0,239.18,239.68
2012-06-27,239.31,240.39,236.6,239.85
2012-06-28,241.07,241.24,238.09,239.98
2012-06-29,238.46,244.9,237.42,244.9
2012-07-02,246.35,246.63,244.42,244.46
2012-07-03,245.47,247.24,245.37,246.8
2012-07-04,247.88,248.83,247.32,247.76
2012-07-05,247.01,248.01,246.49,247.67
2012-07-06,247.93,248.36,243.91,245.07
2012-07-09,242.36,242.92,241.26,241.73
2012-07-10,242.81,243.14,240.01,240.88
2012-07-11,240.37,240.69,238.66,240.34
2012-07-12,240.49,241.06,234.66,234.66
2012-07-13,235.49,239.98,233.58,238.77
2012-07-16,239.81,240.11,237.92,239.39
2012-07-17,238.07,242.21,237.15,240.19
2012-07-18,240.11,241.1,235.61,236.42
2012-07-19,240.09,241.53,239.41,240.44
2012-07-20,240.59,241.49,239.8,240.35
2012-07-23,236.89,236.91,234.36,235.75
2012-07-24,235.19,237.04,234.77,236.65
2012-07-25,231.9,235.78,231.68,233.49
2012-07-26,234.75,236.02,233.04,235.33
2012-07-27,239.64,242.23,238.72,242.23
2012-07-30,244.8,245.35,244.08,244.58
2012-07-31,244.83,252.53,244.39,250.08
2012-08-01,248.42,250.83,247.95,249.6
2012-08-02,250.15,250.43,247.23,247.9
2012-08-03,244.57,247.13,244.17,244.81
2012-08-06,249.92,251.74,249.67,250.36
2012-08-07,250.04,251.14,249.66,250.39
2012-08-08,251.8,255.13,251.74,252.84
2012-08-09,253.34,259.11,253.34,258.08
2012-08-10,257.59,259.12,257.17,258.91
2012-08-13,258.71,258.76,256.63,256.65
2012-08-14,258.14,260.3,257.62,260.11
2012-08-16,260.03,260.56,258.59,260.08
2012-08-17,260.92,261.08,257.6,258.2
2012-08-20,257.65,258.57,256.64,258.03
2012-08-21,259.19,260.2,257.43,257.5
2012-08-22,256.9,258.07,253.79,256.21
2012-08-23,256.06,257.32,254.6,257.28
2012-08-24,254.12,254.92,252.95,253.73
2012-08-27,251.65,253.95,251.34,252.77
2012-08-28,253.46,254.12,251.83,252.57
2012-08-29,253.09,254.64,252.31,254.22
2012-08-30,253.29,253.39,249.65,250.96
2012-08-31,249.58,251.78,249.52,250.56
2012-09-03,250.97,252.65,247.36,251.23
2012-09-04,251.03,251.81,250.22,250.56
2012-09-05,248.73,248.77,245.75,245.75
2012-09-06,246.79,247.77,245.68,246.79
2012-09-07,252.16,254.02,251.79,254.02
2012-09-10,254.8,255.29,253.38,253.38
2012-09-11,252.72,253.32,251.48,252.73
2012-09-12,254.35,257.4,253.78,256.95
2012-09-13,256.68,257.54,255.08,256.87
2012-09-14,263.14,265.3,262.68,265.02
2012-09-17,264.79,265.63,263.48,263.97
2012-09-18,263.39,264.56,263.05,264.25
2012-09-19,263.44,265.34,262.55,264.44
2012-09-20,262.87,263.93,261.54,261.87
2012-09-21,263.26,264.05,262.16,263.41
2012-09-24,262.47,263.87,259.94,263.56
2012-09-25,262.18,263.77,261.63,262.03
2012-09-26,259.38,261.25,258.8,260.42
2012-09-27,258.99,262.06,258.91,261.62
2012-09-28,263.22,263.3,261.48,262.49
2012-10-02,262.82,263.53,262.3,262.48
2012-10-04,262.68,262.91,260.44,261.92
2012-10-05,263.65,264.16,261.46,262.07
2012-10-08,261.83,261.89,259.7,260.11
2012-10-09,260.1,261.65,259.65,259.66
2012-10-10,257.25,257.49,255.15,255.15
2012-10-11,253.14,255.22,250.97,252.84
2012-10-12,253.5,253.75,251.69,252.44
2012-10-15,251.6,253.14,250.77,251.44
2012-10-16,253.88,254.36,252.49,253.98
2012-10-17,255.98,257.41,255.19,256.06
2012-10-18,256.73,257.82,256.11,257.27
2012-10-19,256.45,257.12,254.3,254.79
2012-10-22,250.19,254.42,250.04,254.22
2012-10-23,254.41,254.43,251.86,251.86
2012-10-24,249.14,251.12,248.32,249.8
2012-10-25,248.68,251.72,248.37,251.72
2012-10-26,250.53,251.19,247.15,247.18
2012-10-29,248.65,249.13,246.69,247.66
2012-10-30,248.06,250.68,247.83,248.52
2012-10-31,250.42,251.11,249.83,250.18
2012-11-01,248.7,248.97,246.39,247.83
2012-11-02,250.98,251.49,250.24,251.04
2012-11-05,249.17,250.55,249.01,249.5
2012-11-06,249.97,252.33,249.57,252.3
2012-11-07,253.01,253.73,250.71,253.7
2012-11-08,250.33,251.04,249.24,250.13
2012-11-09,247.1,249.21,245.28,248.69
2012-11-12,247.87,248.58,246.91,248.18
2012-11-13,248.55,248.65,245.67,246.9
2012-11-14,247.17,247.81,245.81,247.8
2012-11-15,244.65,245.27,243.34,244.64
2012-11-16,243.88,244.92,242.9,243.45
2012-11-19,244.71,246.78,244.62,245.82
2012-11-20,248.42,248.55,247.11,247.72
2012-11-21,248.52,249.0,246.11,247.02
2012-11-22,248.5,250.09,248.25,249.51
2012-11-23,249.83,251.44,248.99,251.44
2012-11-26,252.26,252.31,250.45,250.73
2012-11-27,251.94,254.27,251.55,253.41
2012-11-28,251.99,252.26,250.88,251.72
2012-11-29,253.03,254.79,252.92,254.73
2012-11-30,254.45,255.95,253.79,254.25
2012-12-03,254.91,256.07,254.42,255.57
2012-12-04,254.5,255.3,253.72,254.83
2012-12-05,254.58,257.02,254.19,256.63
2012-12-06,256.97,257.85,256.39,257.27
2012-12-07,257.75,259.42,257.63,258.78
2012-12-10,260.06,260.75,258.79,259.03
2012-12-11,259.7,260.27,258.96,260.12
2012-12-12,261.19,261.67,260.54,261.67
2012-12-13,261.84,265.79,261.76,265.79
2012-12-14,263.76,265.51,263.08,264.56
2012-12-17,264.17,265.07,262.51,262.76
2012-12-18,263.76,264.23,262.27,264.23
2012-12-20,265.36,265.98,263.72,264.78
2012-12-21,265.45,265.46,261.22,261.89
2012-12-24,262.39,262.72,261.32,262.11
2012-12-26,263.61,264.91,261.94,261.97
2012-12-27,261.64,262.83,260.45,262.68
2012-12-28,262.27,264.83,262.25,263.92
2013-01-02,266.24,269.51,266.1,269.16
2013-01-03,270.54,270.74,267.45,267.52
2013-01-04,267.23,267.46,264.74,266.14
2013-01-07,266.12,266.43,263.87,265.97
2013-01-08,264.81,265.87,263.95,263.95
2013-01-09,264.48,265.42,262.53,262.9
2013-01-10,263.09,265.25,262.13,264.95
2013-01-11,266.47,266.58,261.49,263.32
2013-01-14,262.84,264.8,262.18,264.8
2013-01-15,264.82,266.21,261.43,261.43
2013-01-16,262.07,263.34,259.42,260.49
2013-01-17,261.44,261.88,258.65,260.1
2013-01-18,262.02,262.08,260.08,261.71
2013-01-21,261.59,262.25,259.36,261.3
2013-01-22,261.25,263.35,260.79,262.91
2013-01-23,264.04,264.83,261.1,261.1
2013-01-24,259.69,260.99,258.15,258.74
2013-01-25,258.94,259.06,254.62,256.06
2013-01-28,255.01,255.43,253.49,254.66
2013-01-29,255.69,257.66,255.42,257.22
2013-01-30,258.08,258.85,256.42,258.47
2013-01-31,257.71,258.44,256.94,258.07
2013-02-01,258.57,259.01,255.48,257.64
2013-02-04,259.28,259.35,256.77,256.89
2013-02-05,254.49,255.77,253.5,254.82
2013-02-06,255.44,255.64,254.21,254.31
2013-02-07,254.68,255.97,253.8,254.0
2013-02-08,253.8,257.9,253.61,257.09
2013-02-12,258.33,258.44,256.35,256.65
2013-02-13,257.65,260.97,257.22,260.92
2013-02-14,261.14,262.52,260.41,261.44
2013-02-15,261.58,261.85,260.79,261.61
2013-02-18,261.3,262.29,260.49,261.63
2013-02-19,261.64,262.89,261.28,262.16
2013-02-20,263.79,268.07,263.51,268.07
2013-02-21,266.64,267.73,266.1,266.85
2013-02-22,265.63,268.89,265.56,267.15
2013-02-25,267.7,267.96,265.89,266.01
2013-02-26,263.76,265.71,263.57,264.68
2013-02-27,265.91,266.94,264.57,265.04
2013-02-28,267.13,268.95,266.69,268.01
2013-03-04,268.51,268.61,265.78,266.14
2013-03-05,267.57,268.88,266.54,266.54
2013-03-06,269.01,269.12,266.62,267.25
2013-03-07,266.83,266.83,263.88,264.78
2013-03-08,264.25,264.92,263.1,264.57
2013-03-11,263.75,264.81,261.5,264.15
2013-03-12,264.66,264.75,262.01,262.43
2013-03-13,262.69,263.38,261.67,263.33
2013-03-14,263.41,263.41,260.08,263.37
2013-03-15,264.44,264.44,260.83,260.84
2013-03-18,259.03,260.15,258.17,258.3
2013-03-19,259.69,261.42,258.85,259.79
2013-03-20,258.3,259.81,257.04,257.04
2013-03-21,258.34,258.9,255.82,255.82
2013-03-22,255.61,256.54,255.1,255.33
2013-03-25,258.18,260.18,258.06,259.58
2013-03-26,259.42,261.63,259.22,260.54
2013-03-27,261.7,262.5,259.02,261.86
2013-03-28,261.44,262.28,260.84,261.86
2013-03-29,263.88,264.74,263.31,263.39
2013-04-01,264.16,264.19,262.03,262.27
2013-04-02,262.37,263.16,259.06,260.79
2013-04-03,261.32,261.65,258.88,260.36
2013-04-04,257.57,257.94,254.63,257.05
2013-04-05,255.4,256.16,251.35,252.77
2013-04-08,252.85,253.92,251.84,252.39
2013-04-09,252.44,254.52,250.14,252.53
2013-04-10,254.4,255.14,252.94,254.34
2013-04-11,255.4,256.18,253.04,256.18
2013-04-12,256.81,257.12,251.34,252.0
2013-04-15,250.7,252.6,249.6,251.51
2013-04-16,248.69,252.61,248.37,251.78
2013-04-17,253.46,253.61,249.63,251.51
2013-04-18,250.55,250.93,247.82,247.85
2013-04-19,247.64,249.41,246.11,248.77
2013-04-22,248.35,251.46,247.89,251.46
2013-04-23,251.12,251.16,248.64,250.01
2013-04-24,251.74,252.65,250.03,252.0
2013-04-25,252.2,254.49,251.97,254.49
2013-04-26,254.11,254.42,252.79,253.04
2013-04-29,253.63,253.67,251.55,252.25
2013-04-30,253.17,256.36,253.13,255.72
2013-05-02,255.49,256.32,254.52,254.92
2013-05-03,256.4,256.47,254.5,256.02
2013-05-06,257.63,258.56,254.96,255.2
2013-05-07,255.22,255.41,253.61,253.84
2013-05-08,254.86,255.27,253.47,254.02
2013-05-09,255.0,257.99,254.77,257.53
2013-05-10,256.94,256.96,252.72,252.72
2013-05-13,251.46,253.29,251.19,253.29
2013-05-14,254.09,256.67,253.98,256.29
2013-05-15,256.56,256.74,255.49,256.6
2013-05-16,257.94,259.81,257.94,258.99
2013-05-20,259.51,259.9,258.6,258.6
2013-05-21,260.31,260.48,257.59,258.18
2013-05-22,259.7,260.89,259.19,260.19
2013-05-23,258.96,259.78,256.66,256.66
2013-05-24,258.13,258.28,255.73,257.32
2013-05-27,257.41,258.82,256.99,258.19
2013-05-28,258.63,259.53,257.97,258.59
2013-05-29,259.64,262.16,259.58,260.92
2013-05-30,260.7,262.1,260.41,261.21
2013-05-31,262.46,263.34,261.41,261.47
2013-06-03,260.48,262.03,260.13,260.29
2013-06-04,261.45,261.69,259.15,260.54
2013-06-05,260.57,260.7,256.51,256.51
2013-06-07,255.51,255.7,251.14,251.2
2013-06-10,251.49,252.48,251.02,252.2
2013-06-11,252.29,252.39,248.72,250.19
2013-06-12,249.16,250.32,248.04,248.5
2013-06-13,247.76,248.72,244.38,244.49
2013-06-14,246.21,246.42,244.22,245.36
2013-06-17,245.43,246.59,244.18,244.77
2013-06-18,245.44,247.13,243.45,247.13
2013-06-19,246.94,246.96,244.77,245.44
2013-06-20,242.08,243.28,239.45,240.26
2013-06-21,234.23,236.9,234.15,236.57
2013-06-24,236.33,236.33,233.47,233.47
2013-06-25,232.25,235.04,230.38,231.75
2013-06-26,234.26,234.26,230.18,231.52
2013-06-27,235.19,239.37,235.11,238.65
2013-06-28,240.01,242.68,240.0,242.27
2013-07-01,240.58,242.69,240.28,241.05
2013-07-02,241.76,242.61,240.24,240.8
2013-07-03,240.69,241.68,236.28,236.63
2013-07-04,237.36,238.78,236.64,238.56
2013-07-05,239.72,241.12,236.56,237.28
2013-07-08,236.86,238.42,234.11,235.12
2013-07-09,236.69,237.23,235.02,236.94
2013-07-10,237.74,237.94,235.41,236.23
2013-07-11,238.49,243.88,238.45,243.88
2013-07-12,243.28,243.33,241.74,242.72
2013-07-15,242.75,243.77,239.51,243.43
2013-07-16,243.4,243.52,241.06,242.02
2013-07-17,242.64,245.87,240.42,244.82
2013-07-18,244.09,244.41,242.25,242.92
2013-07-19,243.51,243.66,240.63,242.03
2013-07-22,243.32,245.27,242.18,243.18
2013-07-23,244.62,246.76,243.86,246.63
2013-07-24,246.61,248.17,246.16,247.84
2013-07-25,247.11,248.29,246.74,247.71
2013-07-26,248.04,248.68,246.6,247.8
2013-07-29,247.4,248.22,246.37,246.53
2013-07-30,246.78,248.81,246.47,248.78
2013-07-31,248.37,249.03,247.74,247.99
2013-08-01,248.33,249.62,246.94,248.89
2013-08-02,251.03,251.65,249.05,249.33
2013-08-05,248.92,249.66,248.21,248.25
2013-08-06,247.85,247.94,245.37,246.8
2013-08-07,244.73,245.11,242.75,242.75
2013-08-08,243.52,245.11,242.77,243.39
2013-08-09,243.51,244.43,242.42,243.13
2013-08-12,242.79,245.19,242.74,243.78
2013-08-13,245.08,248.21,244.68,248.2
2013-08-14,248.2,250.04,247.69,249.82
2013-08-16,247.12,250.36,246.76,249.23
2013-08-19,248.76,249.04,247.68,248.89
2013-08-20,247.97,249.89,244.82,245.13
2013-08-21,245.48,246.15,242.11,242.49
2013-08-22,239.93,241.63,239.01,240.37
2013-08-23,242.17,244.25,241.05,243.37
2013-08-26,244.21,246.13,244.16,245.71
2013-08-27,245.13,247.21,244.87,245.71
2013-08-28,242.7,245.78,242.54,245.67
2013-08-29,246.69,250.02,246.62,248.86
2013-08-30,250.52,251.74,249.36,251.74
2013-09-02,251.65,252.51,250.84,251.13
2013-09-03,252.43,253.37,251.49,252.05
2013-09-04,251.4,252.99,250.4,252.15
2013-09-05,253.68,255.12,252.79,254.62
2013-09-06,255.01,256.24,254.19,255.25
2013-09-09,256.48,258.12,256.27,258.12
2013-09-10,258.62,261.2,258.53,261.2
2013-09-11,261.38,262.38,260.13,262.38
2013-09-12,262.4,264.27,261.1,262.32
2013-09-13,260.99,262.38,260.52,260.83
2013-09-16,263.4,264.38,262.53,263.86
2013-09-17,263.19,263.39,261.06,262.56
2013-09-23,261.64,263.92,260.76,263.02
2013-09-24,261.85,263.43,260.42,262.83
2013-09-25,262.42,262.76,260.23,261.45
2013-09-26,260.59,262.68,260.47,262.68
2013-09-27,263.34,263.65,262.66,262.94
2013-09-30,261.56,262.3,260.55,260.91
2013-10-01,261.08,263.29,260.55,261.48
2013-10-02,263.42,263.57,261.66,261.87
2013-10-04,262.27,263.04,260.25,261.78
2013-10-07,261.93,262.76,261.38,261.85
2013-10-08,260.95,263.15,260.09,263.14
2013-10-10,262.83,264.16,262.39,262.9
2013-10-11,265.19,266.81,264.41,266.35
2013-10-14,266.52,266.77,265.81,265.81
2013-10-15,267.87,269.53,267.87,269.02
2013-10-16,268.92,270.3,268.19,268.25
2013-10-17,270.6,270.76,268.9,269.59
2013-10-18,270.51,271.25,269.7,271.24
2013-10-21,271.55,272.56,270.56,271.22
2013-10-22,270.75,271.13,269.71,271.11
2013-10-23,271.96,272.06,268.0,268.03
2013-10-24,267.85,269.36,266.75,269.36
2013-10-25,269.42,269.42,266.01,267.51
2013-10-28,267.96,269.77,267.21,269.74
2013-10-29,269.5,270.6,268.5,270.28
2013-10-30,270.72,271.44,269.13,271.44
2013-10-31,270.13,270.81,266.88,266.91
2013-11-01,268.06,268.83,267.23,268.63
2013-11-04,267.88,268.01,266.2,266.59
2013-11-05,266.98,267.3,264.37,264.96
2013-11-06,265.16,266.19,264.31,264.62
2013-11-07,264.71,265.12,262.71,263.34
2013-11-08,260.97,262.58,260.53,260.53
2013-11-11,262.14,262.14,259.49,260.15
2013-11-12,261.21,263.57,261.13,262.81
2013-11-13,262.42,262.45,258.04,258.04
2013-11-14,260.53,260.79,258.11,258.44
2013-11-15,260.48,264.33,260.47,264.2
2013-11-18,265.38,265.96,264.65,265.03
2013-11-19,264.84,268.37,264.68,267.81
2013-11-20,267.23,267.43,264.69,265.62
2013-11-21,265.06,265.06,260.97,262.2
2013-11-22,263.4,264.65,261.89,263.86
2013-11-25,265.85,267.45,265.2,265.21
2013-11-26,264.02,266.26,262.78,266.26
2013-11-27,265.28,267.15,264.5,267.15
2013-11-28,268.8,270.07,268.42,269.7
2013-11-29,269.61,270.36,268.68,269.57
2013-12-02,270.48,270.84,267.35,267.58
2013-12-03,266.64,267.33,264.79,264.84
2013-12-04,263.39,264.53,261.48,261.48
2013-12-05,262.5,262.6,259.21,261.1
2013-12-06,261.04,262.17,260.54,260.71
2013-12-09,263.52,264.14,263.24,263.7
2013-12-10,263.55,263.75,262.24,262.68
2013-12-11,261.74,263.67,259.78,260.55
2013-12-12,258.95,259.46,257.7,259.05
2013-12-13,258.29,258.49,256.08,258.04
2013-12-16,257.7,259.07,257.0,257.9
2013-12-17,260.27,260.67,258.18,258.72
2013-12-18,259.62,261.24,258.74,259.98
2013-12-19,263.16,263.21,259.46,260.2
2013-12-20,259.85,261.55,259.78,261.27
2013-12-23,262.78,263.89,262.14,263.24
2013-12-24,263.72,264.54,262.79,263.58
2013-12-26,263.85,264.63,262.82,263.15
2013-12-27,262.47,263.79,261.54,263.32
2013-12-30,263.55,264.24,262.53,264.24
2013-12-31,263.55,264.24,262.53,264.24
2014-01-02,264.35,264.51,257.63,257.64
2014-01-03,257.05,257.29,253.18,254.48
2014-01-06,254.7,256.67,254.11,255.41
2014-01-07,254.53,257.02,254.41,255.98
2014-01-08,256.85,257.06,254.63,255.76
2014-01-09,256.26,256.65,253.63,253.63
2014-01-10,254.05,255.14,251.59,252.48
2014-01-13,253.83,254.84,253.16,254.08
2014-01-14,253.3,256.27,252.75,253.97
2014-01-15,255.52,255.65,253.82,254.73
2014-01-16,255.43,256.52,255.11,255.36
2014-01-17,255.54,256.13,253.37,253.46
2014-01-20,253.66,255.06,252.0,254.81
2014-01-21,255.03,256.65,254.29,256.34
2014-01-22,255.73,257.08,255.53,257.08
2014-01-23,256.72,256.75,253.72,253.74
2014-01-24,252.93,253.83,250.58,252.89
2014-01-27,248.22,250.18,247.43,248.95
2014-01-28,248.48,250.23,248.16,249.91
2014-01-29,251.11,253.31,250.98,252.89
2014-02-03,251.37,251.76,249.7,250.01
2014-02-04,246.56,247.04,245.1,245.3
2014-02-05,246.79,247.44,245.5,246.04
2014-02-06,246.92,249.04,246.85,248.56
2014-02-07,250.69,250.69,248.94,250.51
2014-02-10,251.2,251.26,249.39,250.47
2014-02-11,250.59,252.39,250.06,251.87
2014-02-12,253.29,253.29,252.07,252.31
2014-02-13,252.37,253.61,250.49,250.97
2014-02-14,251.38,253.83,251.35,252.74
2014-02-17,254.33,254.98,253.17,253.64
2014-02-18,253.69,254.3,252.07,253.66
2014-02-19,253.35,253.35,251.39,252.92
2014-02-20,251.34,252.57,250.65,250.95
2014-02-21,253.63,255.22,253.34,255.22
2014-02-24,255.25,255.82,253.21,254.01
2014-02-25,255.27,256.29,254.85,256.24
2014-02-26,256.13,257.8,255.03,257.31
2014-02-27,257.06,258.62,256.42,258.28
2014-02-28,257.98,258.74,257.35,258.41
2014-03-03,256.55,256.86,254.71,256.29
2014-03-04,254.9,256.22,254.52,254.78
2014-03-05,257.52,258.23,257.23,257.3
2014-03-06,257.66,257.73,256.68,257.63
2014-03-07,258.21,258.76,256.46,257.35
2014-03-10,256.19,256.23,254.1,254.48
2014-03-11,254.88,255.5,253.8,255.49
2014-03-12,254.52,254.75,250.75,251.11
2014-03-13,252.14,252.96,250.97,251.09
2014-03-14,248.56,250.12,248.2,249.02
2014-03-17,249.12,250.26,248.86,250.15
2014-03-18,252.05,252.75,250.59,251.87
2014-03-19,252.81,252.99,251.07,251.32
2014-03-20,250.88,251.0,248.68,248.68
2014-03-21,250.17,250.81,249.76,250.68
2014-03-24,250.89,252.84,250.87,252.31
2014-03-25,251.6,252.31,250.88,251.56
2014-03-26,253.55,255.4,253.36,255.08
2014-03-27,254.83,257.49,254.76,257.26
2014-03-28,256.37,258.07,255.96,257.44
2014-03-31,258.54,258.71,256.3,258.11
2014-04-01,257.88,259.01,256.78,258.95
2014-04-02,260.14,260.34,259.33,259.7
2014-04-03,259.99,261.49,259.07,259.34
2014-04-04,259.21,260.35,258.98,259.47
2014-04-07,259.03,260.09,258.16,259.89
2014-04-08,258.15,260.85,258.15,260.47
2014-04-09,261.18,261.55,260.31,261.21
2014-04-10,262.4,262.57,260.62,262.41
2014-04-11,259.1,260.53,259.08,260.53
2014-04-14,260.02,261.21,259.92,260.51
2014-04-15,262.22,262.29,259.46,259.74
2014-04-16,260.03,260.44,258.96,259.83
2014-04-17,260.96,261.08,258.63,259.66
2014-04-18,260.65,261.69,260.6,261.52
2014-04-21,261.77,261.87,260.06,260.9
2014-04-22,261.17,261.66,259.83,261.55
2014-04-23,262.37,262.87,260.93,261.2
2014-04-24,262.09,262.22,260.39,261.08
2014-04-25,260.83,260.86,257.42,257.42
2014-04-28,256.95,257.97,256.8,256.8
2014-04-29,257.52,257.74,255.16,255.8
2014-04-30,257.16,257.29,254.28,255.33
2014-05-02,256.08,256.49,254.79,255.07
2014-05-07,255.83,255.88,252.35,252.35
2014-05-08,253.31,253.85,251.72,253.84
2014-05-09,254.2,254.8,253.45,254.31
2014-05-12,254.23,256.11,253.44,255.8
2014-05-13,256.99,259.27,256.58,258.4
2014-05-14,259.63,262.43,259.57,262.43
2014-05-15,261.98,263.17,261.82,262.4
2014-05-16,261.45,262.97,260.64,262.97
2014-05-19,262.88,263.5,261.25,263.42
2014-05-20,262.97,263.38,262.07,263.04
2014-05-21,261.9,263.58,261.56,262.4
2014-05-22,263.41,264.5,262.8,263.33
2014-05-23,262.8,263.63,262.59,263.42
2014-05-26,263.14,263.87,261.99,262.33
2014-05-27,262.92,263.22,259.31,260.36
2014-05-28,260.83,263.01,260.46,263.01
2014-05-29,263.61,263.98,262.15,262.57
2014-05-30,263.07,263.68,259.93,259.94
2014-06-02,260.49,261.92,260.49,261.4
2014-06-03,262.1,262.32,260.07,262.22
2014-06-05,262.27,262.28,259.31,260.56
2014-06-09,261.97,262.45,259.18,259.68
2014-06-10,261.24,262.77,260.36,262.64
2014-06-11,262.19,263.19,261.58,262.62
2014-06-12,262.57,262.83,260.83,262.01
2014-06-13,261.09,261.11,257.89,258.75
2014-06-16,258.16,259.7,258.04,259.43
2014-06-17,259.57,260.74,259.02,260.43
2014-06-18,260.46,260.46,258.31,258.7
2014-06-19,259.19,259.95,258.15,258.83
2014-06-20,258.65,258.7,255.03,255.31
2014-06-23,256.43,257.55,256.0,256.77
2014-06-24,257.1,260.38,257.04,259.75
2014-06-25,259.51,259.72,257.99,258.16
2014-06-26,258.2,260.46,258.11,260.03
2014-06-27,259.28,260.13,258.25,258.78
2014-06-30,259.81,260.64,259.14,260.56
2014-07-01,259.14,259.93,258.49,259.74
2014-07-02,261.01,262.23,260.19,262.04
2014-07-03,262.03,262.03,260.71,261.13
2014-07-04,262.09,262.09,260.08,260.63
2014-07-07,260.18,260.48,258.88,259.95
2014-07-08,259.7,260.76,258.74,259.93
2014-07-09,258.6,259.01,257.83,258.87
2014-07-10,259.4,259.73,258.74,259.17
2014-07-11,257.14,257.81,256.23,256.72
2014-07-14,258.11,258.59,257.27,257.27
2014-07-15,258.87,260.79,258.79,260.4
2014-07-16,260.85,261.19,260.27,260.82
2014-07-17,261.8,262.65,261.52,261.93
2014-07-18,259.97,261.68,259.78,261.66
2014-07-21,262.88,263.33,261.26,261.51
2014-07-22,261.94,262.86,261.39,262.86
2014-07-23,263.34,263.67,262.0,262.56
2014-07-24,263.28,263.72,261.86,262.72
2014-07-25,263.13,263.84,262.55,263.47
2014-07-28,263.77,266.4,263.74,265.53
2014-07-29,266.2,268.31,266.04,268.01
2014-07-30,268.44,272.83,268.21,271.17
2014-07-31,270.93,272.12,269.15,269.68
2014-08-01,268.01,269.88,267.8,268.56
2014-08-04,269.66,270.09,267.9,269.65
2014-08-05,268.92,269.14,266.54,267.63
2014-08-06,267.12,267.85,265.92,266.6
2014-08-07,266.73,266.94,264.76,265.64
2014-08-08,264.74,265.08,261.53,262.02
2014-08-11,264.59,264.59,262.99,263.32
2014-08-12,264.54,265.75,263.08,263.34
2014-08-13,264.14,265.91,263.3,265.91
2014-08-14,266.47,267.37,264.94,265.88
2014-08-18,267.03,267.29,264.24,264.24
2014-08-19,266.07,267.17,265.87,266.62
2014-08-20,268.03,268.28,265.52,266.79
2014-08-21,265.98,266.12,262.14,262.53
2014-08-22,263.08,264.43,262.8,264.26
2014-08-25,262.89,264.69,262.19,264.46
2014-08-26,265.51,266.07,264.97,265.14
2014-08-27,266.12,267.04,265.42,265.88
2014-08-28,267.24,268.13,265.66,266.19
2014-08-29,265.38,266.1,264.03,265.41
2014-09-01,265.28,265.93,264.58,265.27
2014-09-02,264.96,265.0,262.29,262.61
2014-09-03,262.49,263.02,260.87,262.27
2014-09-04,263.52,264.41,262.37,263.19
2014-09-05,262.9,263.64,261.34,262.09
2014-09-11,261.72,262.45,259.8,259.8
2014-09-12,261.01,262.29,260.54,261.39
2014-09-15,260.92,261.2,259.6,260.56
2014-09-16,261.14,261.94,260.58,261.45
2014-09-17,262.71,264.01,262.56,264.01
2014-09-18,263.35,264.3,261.27,261.72
2014-09-19,262.99,263.64,262.29,262.31
2014-09-22,262.06,262.1,259.16,260.15
2014-09-23,258.53,259.63,258.11,258.49
2014-09-24,257.81,258.98,256.88,258.88
2014-09-25,260.25,260.36,257.88,258.46
2014-09-26,256.41,258.34,256.25,258.33
2014-09-29,258.95,259.12,257.38,257.95
2014-09-30,257.37,258.14,255.09,256.77
2014-10-01,255.78,255.81,252.65,252.81
2014-10-02,252.09,252.2,249.22,250.06
2014-10-06,251.59,251.66,249.1,249.19
2014-10-07,250.9,251.49,249.07,249.93
2014-10-08,247.89,249.87,247.88,248.36
2014-10-10,246.48,246.48,243.85,245.06
2014-10-13,241.95,244.68,241.86,244.18
2014-10-14,245.27,246.07,244.2,244.47
2014-10-15,244.91,245.85,242.95,243.87
2014-10-16,241.98,243.31,241.17,242.79
2014-10-17,243.26,243.29,239.43,239.84
2014-10-20,242.36,244.34,242.08,243.9
2014-10-21,242.73,242.73,240.91,241.48
2014-10-22,244.43,244.46,242.43,244.12
2014-10-23,243.45,245.02,242.32,243.38
2014-10-24,244.75,244.76,241.25,242.91
2014-10-27,244.02,244.94,243.52,243.89
2014-10-28,244.26,244.42,242.93,243.3
2014-10-29,245.16,248.7,244.18,248.64
2014-10-30,248.01,248.91,246.76,248.84
2014-10-31,249.55,250.73,247.96,250.45
2014-11-03,249.79,250.01,247.9,248.69
2014-11-04,248.15,249.19,245.59,246.51
2014-11-05,246.83,247.66,245.28,245.86
2014-11-06,246.04,247.65,245.17,247.19
2014-11-07,247.05,248.04,246.5,247.39
2014-11-10,249.16,251.37,249.11,250.64
2014-11-11,250.41,251.07,249.99,250.45
2014-11-12,250.76,252.2,250.29,251.26
2014-11-13,251.59,251.98,249.28,250.11
2014-11-14,249.84,249.84,247.33,248.18
2014-11-17,247.73,248.92,246.97,248.3
2014-11-18,249.45,250.96,249.45,250.65
2014-11-19,251.71,251.71,249.4,250.33
2014-11-20,249.43,249.76,248.36,248.96
2014-11-21,250.14,250.45,249.25,249.9
2014-11-24,252.52,253.05,251.83,252.34
2014-11-25,252.9,252.92,251.71,251.72
2014-11-26,252.59,252.6,250.87,252.0
2014-11-27,254.13,254.57,253.3,253.3
2014-11-28,253.6,253.98,252.7,253.7
2014-12-01,252.09,252.15,250.86,251.59
2014-12-02,250.69,251.44,250.12,251.41
2014-12-03,251.94,252.51,251.13,251.65
2014-12-04,252.48,254.31,252.43,254.06
2014-12-05,254.08,254.58,253.8,254.24
2014-12-08,254.49,254.68,253.38,253.71
2014-12-09,253.39,253.8,252.49,253.21
2014-12-10,252.21,252.57,249.35,249.35
2014-12-11,247.22,248.37,245.53,245.54
2014-12-12,246.2,247.23,245.48,246.44
2014-12-15,243.93,246.27,243.25,246.27
2014-12-16,244.73,246.57,243.96,244.43
2014-12-17,245.35,245.37,243.72,243.72
2014-12-18,246.08,246.4,241.89,243.82
2014-12-19,246.88,248.14,245.95,247.96
2014-12-22,248.93,249.84,247.67,249.7
2014-12-23,249.58,249.92,248.74,249.06
2014-12-24,249.16,250.17,248.63,250.07
2014-12-26,250.08,251.12,249.65,250.05
2014-12-29,248.25,248.45,246.3,246.3
2014-12-30,247.09,247.39,243.78,244.05
2015-01-02,243.96,245.32,243.25,244.79
2015-01-05,243.83,244.56,241.76,244.26
2015-01-06,241.36,242.06,239.32,239.93
2015-01-07,239.41,240.91,239.09,240.53
2015-01-08,242.28,244.13,241.68,243.94
2015-01-09,245.97,247.11,245.4,246.05
2015-01-12,245.16,246.27,245.05,245.7
2015-01-13,244.98,246.64,244.47,246.29
2015-01-14,246.48,247.46,245.78,245.99
2015-01-15,245.96,246.63,244.9,245.76
2015-01-16,244.7,244.7,241.77,242.22
2015-01-19,244.06,245.82,243.69,244.78
2015-01-20,245.52,247.39,245.5,247.24
2015-01-21,247.01,248.59,246.63,248.59
2015-01-22,249.22,249.98,248.01,248.47
2015-01-23,251.76,251.8,249.55,250.32
2015-01-26,248.92,250.21,248.42,250.14
2015-01-27,250.76,252.2,250.56,252.2
2015-01-28,250.82,252.5,250.12,252.21
2015-01-29,250.45,251.84,249.78,250.46
2015-01-30,251.82,251.84,249.88,249.88
2015-02-02,249.83,251.2,249.49,250.61
2015-02-03,251.63,251.66,249.22,250.38
2015-02-04,251.98,253.07,251.6,251.6
2015-02-05,251.33,251.42,248.9,249.78
2015-02-06,249.89,250.16,248.68,250.16
2015-02-09,249.05,249.94,248.58,249.26
2015-02-10,249.62,250.42,247.66,247.66
2015-02-11,248.49,249.01,247.77,248.4
2015-02-12,248.48,248.5,246.32,247.71
2015-02-13,248.65,249.76,248.26,249.76
2015-02-16,250.17,250.55,249.54,249.81
2015-02-17,249.36,250.67,248.92,250.37
2015-02-23,252.13,252.51,250.56,250.8
2015-02-24,251.83,252.11,251.09,251.28
2015-02-25,252.72,253.22,252.01,252.96
2015-02-26,253.03,253.13,251.89,252.93
2015-02-27,252.73,252.83,251.2,251.46
2015-03-02,253.13,253.74,252.39,253.65
2015-03-03,254.55,254.97,253.89,254.5
2015-03-04,254.56,254.72,253.89,254.31
2015-03-05,254.02,254.86,253.64,254.16
2015-03-06,254.74,256.15,254.73,255.96
2015-03-09,254.81,254.94,252.69,252.77
2015-03-10,253.76,254.16,251.75,251.75
2015-03-11,250.09,252.66,250.09,252.16
2015-03-12,251.67,253.23,250.28,250.28
2015-03-13,252.56,253.31,251.98,252.18
2015-03-16,252.13,253.2,251.56,252.44
2015-03-17,253.77,258.19,253.7,258.18
2015-03-18,258.45,259.19,257.87,258.22
2015-03-19,260.68,260.68,258.37,258.99
2015-03-20,258.92,259.32,257.42,258.7
2015-03-23,259.48,259.88,258.16,258.95
2015-03-24,258.58,259.34,257.56,259.16
2015-03-25,259.35,259.84,258.38,258.94
2015-03-26,256.69,258.08,255.81,255.99
2015-03-27,256.41,256.73,255.1,255.54
2015-03-30,256.45,256.57,254.91,256.1
2015-03-31,257.66,258.43,256.16,257.28
2015-04-01,256.44,256.75,254.74,254.97
2015-04-02,256.07,256.37,254.7,254.99
2015-04-03,255.77,256.92,255.05,256.75
2015-04-06,257.2,258.43,256.34,256.93
2015-04-07,258.65,258.68,256.61,256.88
2015-04-08,257.09,258.81,256.83,258.51
2015-04-09,258.44,259.21,257.61,258.33
2015-04-10,259.35,262.2,259.2,261.95
2015-04-13,262.62,263.75,262.11,263.48
2015-04-14,263.81,265.6,263.2,265.57
2015-04-15,265.76,266.41,264.93,265.77
2015-04-16,267.67,268.45,266.42,268.45
2015-04-17,268.73,268.81,267.42,268.28
2015-04-20,266.14,268.59,266.14,268.55
2015-04-21,269.03,269.13,267.56,268.17
2015-04-22,268.2,270.65,267.22,268.64
2015-04-23,270.27,272.78,268.85,272.59
2015-04-24,273.81,275.11,270.33,271.05
2015-04-27,272.16,272.29,269.29,270.05
2015-04-28,270.63,270.93,268.1,268.55
2015-04-29,269.54,269.76,265.92,268.03
2015-04-30,267.04,267.57,265.85,266.42
2015-05-04,267.57,268.56,266.99,267.33
2015-05-06,265.96,266.18,263.09,264.03
2015-05-07,263.11,263.49,260.1,262.47
2015-05-08,262.11,262.72,260.81,260.81
2015-05-11,263.45,263.88,261.49,261.49
2015-05-12,262.12,262.35,260.52,261.42
2015-05-13,261.82,263.65,261.73,263.25
2015-05-14,263.18,263.88,262.63,263.69
2015-05-15,265.24,265.51,261.09,261.33
2015-05-18,261.28,261.97,260.45,261.97
2015-05-19,261.84,263.97,261.04,262.92
2015-05-20,263.79,265.54,263.43,265.36
2015-05-21,265.2,265.38,262.41,262.66
2015-05-22,263.66,266.03,263.28,266.03
2015-05-26,265.96,266.16,263.82,265.41
2015-05-27,263.9,264.22,259.72,260.16
2015-05-28,261.13,261.93,260.06,260.06
2015-05-29,259.88,261.91,259.47,260.39
2015-06-01,259.84,260.0,257.13,258.74
2015-06-02,258.8,259.49,255.91,256.29
2015-06-03,256.54,257.44,253.51,254.11
2015-06-04,255.4,257.04,254.34,255.47
2015-06-05,254.09,256.12,254.0,254.94
2015-06-08,254.87,254.87,253.34,254.21
2015-06-09,253.78,255.06,252.68,253.51
2015-06-10,255.5,255.68,251.95,252.11
2015-06-11,253.77,253.83,251.74,252.32
2015-06-12,253.94,254.77,250.84,251.66
2015-06-15,250.14,251.37,249.38,250.74
2015-06-16,250.94,251.0,246.42,248.49
2015-06-17,249.27,249.53,247.52,249.08
2015-06-18,250.42,251.26,248.92,249.67
2015-06-19,251.37,251.41,249.79,249.84
2015-06-22,251.6,252.69,250.45,250.99
2015-06-23,253.25,255.42,252.52,254.52
2015-06-24,255.01,255.24,253.79,254.94
2015-06-25,253.84,254.66,253.42,253.8
2015-06-26,253.29,255.35,252.89,254.48
2015-06-29,250.61,251.96,250.36,251.26
2015-06-30,250.52,252.39,250.2,252.27
2015-07-01,252.49,255.52,251.65,255.07
2015-07-02,255.84,256.12,254.75,255.5
2015-07-03,255.34,255.62,253.56,254.66
2015-07-06,251.25,252.54,248.03,248.3
2015-07-07,249.57,249.86,246.56,248.05
2015-07-08,248.65,248.66,244.94,244.94
2015-07-09,243.17,246.77,241.49,246.77
2015-07-10,247.8,247.8,246.08,246.83
2015-07-13,247.0,250.12,246.64,249.84
2015-07-14,250.7,250.79,247.98,248.64
2015-07-15,249.63,250.94,248.38,249.65
2015-07-16,249.51,251.59,249.3,251.47
2015-07-17,253.05,253.15,249.02,250.23
2015-07-20,250.02,250.52,248.43,248.91
2015-07-21,249.93,251.15,248.57,250.35
2015-07-22,248.69,249.42,247.04,247.88
2015-07-23,248.3,248.39,246.46,247.31
2015-07-24,246.66,246.67,244.38,244.91
2015-07-27,243.58,246.16,243.54,244.98
2015-07-28,243.82,246.1,242.86,245.21
2015-07-29,246.75,247.36,245.73,245.97
2015-07-30,246.01,246.5,243.61,243.61
2015-07-31,244.62,244.9,241.87,244.3
2015-08-03,243.71,243.71,241.06,241.48
2015-08-04,241.46,243.56,241.42,243.55
2015-08-05,243.5,244.05,242.33,243.12
2015-08-06,243.85,243.86,239.98,240.04
2015-08-07,239.71,240.15,238.66,239.79
2015-08-10,239.54,239.58,238.07,239.18
2015-08-11,241.23,241.92,237.85,237.91
2015-08-12,237.06,238.65,234.75,237.24
2015-08-13,237.02,238.38,235.79,237.32
2015-08-17,238.22,238.28,235.35,235.37
2015-08-18,236.69,236.95,234.98,235.2
2015-08-19,235.49,236.22,232.47,234.27
2015-08-20,233.28,233.55,231.16,231.59
2015-08-21,226.06,228.53,225.18,227.14
2015-08-24,225.16,226.58,217.52,221.53
2015-08-25,222.56,225.69,218.6,223.07
2015-08-26,222.49,228.14,221.3,227.71
2015-08-27,229.78,230.34,228.11,228.94
2015-08-28,231.81,232.55,231.1,232.35
2015-08-31,231.56,232.8,230.53,232.8
2015-09-01,231.86,232.5,229.51,229.55
2015-09-02,226.36,230.71,226.03,229.91
2015-09-03,231.52,231.77,229.58,230.4
2015-09-04,231.23,231.38,227.11,227.9
2015-09-07,227.53,228.71,226.13,227.31
2015-09-08,227.97,228.61,226.61,227.76
2015-09-09,230.54,234.4,230.5,234.4
2015-09-10,232.34,237.18,231.96,237.18
2015-09-11,234.52,235.54,233.61,233.74
2015-09-14,234.45,234.56,231.65,233.06
2015-09-15,232.91,233.91,232.49,233.59
2015-09-16,234.89,239.29,234.77,238.78
2015-09-17,240.35,240.35,238.51,239.29
2015-09-18,239.01,241.3,236.93,241.12
2015-09-21,238.06,239.11,236.3,236.72
2015-09-22,237.84,239.05,236.74,238.68
2015-09-23,235.85,237.02,234.25,234.26
2015-09-24,235.65,235.96,233.9,234.26
2015-09-25,234.48,234.99,232.66,233.79
2015-09-30,230.45,236.73,230.34,236.71
2015-10-01,236.6,239.61,235.83,238.62
2015-10-02,238.39,239.17,237.15,237.15
2015-10-05,238.45,240.14,237.61,237.98
2015-10-06,240.28,240.58,239.1,240.18
2015-10-07,241.14,243.6,241.13,243.52
2015-10-08,244.82,246.02,243.25,246.02
2015-10-12,246.16,247.49,245.29,246.49
2015-10-13,246.22,247.04,245.1,246.04
2015-10-14,245.43,245.74,243.91,244.94
2015-10-15,244.82,248.53,244.69,247.89
2015-10-16,248.34,248.35,246.71,247.37
2015-10-19,247.49,248.19,246.44,247.47
2015-10-20,247.57,248.72,247.07,248.53
2015-10-21,248.4,250.59,247.93,249.25
2015-10-22,249.04,249.43,246.69,247.22
2015-10-23,249.82,251.32,248.97,249.41
2015-10-26,250.58,250.63,249.38,250.36
2015-10-27,249.52,250.18,248.71,250.04
2015-10-28,250.03,250.03,248.33,249.79
2015-10-29,251.19,253.41,248.85,248.93
2015-10-30,249.2,250.87,248.83,249.41
2015-11-02,249.86,250.66,249.33,250.6
2015-11-03,251.44,252.94,251.33,252.12
2015-11-04,252.74,253.22,251.11,252.33
2015-11-05,251.77,252.13,250.58,251.79
2015-11-06,251.53,252.05,249.8,250.25
2015-11-09,249.87,250.01,248.29,249.21
2015-11-10,247.77,247.84,244.94,245.86
2015-11-11,245.47,246.65,244.13,245.86
2015-11-12,245.73,245.97,245.0,245.14
2015-11-13,243.16,243.98,242.56,242.71
2015-11-16,239.41,240.81,238.84,238.87
2015-11-17,241.99,242.93,240.93,241.26
2015-11-18,241.76,242.65,241.16,241.44
2015-11-19,243.1,244.79,242.54,244.79
2015-11-20,244.74,245.5,244.31,244.8
2015-11-23,245.48,246.86,244.94,245.92
2015-11-24,245.96,248.05,245.77,247.51
2015-11-25,247.79,247.85,246.45,246.58
2015-11-26,247.21,249.91,247.21,249.43
2015-11-27,250.46,250.6,248.93,249.07
2015-11-30,248.3,248.4,243.85,244.24
2015-12-01,245.47,249.08,245.39,248.7
2015-12-02,248.9,249.0,246.6,246.6
2015-12-03,245.46,245.49,243.12,244.68
2015-12-04,241.86,243.31,241.64,242.15
2015-12-07,243.76,243.81,240.67,240.68
2015-12-08,240.86,241.77,239.19,239.23
2015-12-09,239.59,240.3,238.67,239.4
2015-12-10,239.28,241.31,238.99,240.6
2015-12-11,240.65,241.83,239.78,240.35
2015-12-14,237.55,238.49,236.94,238.17
2015-12-15,239.13,239.54,237.98,238.8
2015-12-16,240.89,244.37,240.82,243.49
2015-12-17,245.2,245.69,242.77,244.17
2015-12-18,241.71,244.14,241.42,243.0
2015-12-21,243.01,244.69,242.01,243.76
2015-12-22,244.06,245.51,242.58,245.48
2015-12-23,245.64,247.49,244.97,246.53
2015-12-24,247.81,247.96,245.33,245.33
2015-12-28,245.38,245.51,241.79,241.79
2015-12-29,240.69,241.61,238.9,241.22
2015-12-30,242.13,242.42,240.03,240.38
2016-01-04,239.3,239.35,234.63,234.63
2016-01-05,233.96,237.25,233.96,236.13
2016-01-06,236.48,236.48,233.27,234.6
2016-01-07,233.23,234.54,231.52,231.93
2016-01-08,230.4,233.78,229.91,233.68
2016-01-11,230.77,232.27,230.34,230.83
2016-01-12,232.45,232.85,230.25,230.55
2016-01-13,232.24,234.26,231.89,233.52
2016-01-14,230.68,231.52,229.41,231.38
2016-01-15,233.38,233.76,228.01,228.78
2016-01-18,225.56,229.16,225.33,228.59
2016-01-19,228.79,230.12,227.03,230.08
2016-01-20,229.29,229.3,222.92,224.54
2016-01-21,224.83,226.61,223.81,223.81
2016-01-22,226.35,228.79,226.31,228.79
2016-01-25,229.98,231.37,228.99,230.21
2016-01-26,228.66,229.06,226.16,227.19
2016-01-27,229.19,231.13,228.83,230.96
2016-01-28,229.07,231.62,228.02,231.51
2016-01-29,230.97,232.1,228.8,232.1
2016-02-01,232.87,233.84,232.13,233.67
2016-02-02,232.27,232.95,231.05,231.1
2016-02-03,229.29,229.36,227.77,228.97
2016-02-04,230.3,232.94,230.12,232.91
2016-02-05,232.73,233.93,232.27,233.3
2016-02-11,227.77,228.35,226.26,226.7
2016-02-12,225.5,226.63,223.37,224.98
2016-02-15,227.84,228.81,226.86,228.4
2016-02-16,229.26,232.13,228.87,231.52
2016-02-17,231.66,233.3,230.87,231.94
2016-02-18,235.08,235.11,233.52,234.74
2016-02-19,234.11,235.31,233.47,235.27
2016-02-22,234.58,235.73,233.78,234.95
2016-02-23,236.54,236.67,234.42,235.03
2016-02-24,234.3,235.58,233.96,234.91
2016-02-25,235.57,236.91,233.87,235.37
2016-02-26,236.39,236.46,234.86,235.22
2016-02-29,235.4,236.28,234.63,234.63
2016-03-02,238.45,239.08,238.08,238.63
2016-03-03,240.2,240.2,238.68,240.09
2016-03-04,239.84,240.31,238.93,239.74
2016-03-07,240.47,240.91,239.84,240.21
2016-03-08,240.27,240.27,237.32,238.44
2016-03-09,237.64,239.13,237.21,239.13
2016-03-10,239.91,242.51,239.47,241.43
2016-03-11,241.29,242.62,241.17,241.97
2016-03-14,243.9,243.94,241.93,242.15
2016-03-15,242.47,243.0,241.28,241.83
2016-03-16,242.04,243.43,241.63,242.35
2016-03-17,243.65,245.84,243.58,244.09
2016-03-18,245.25,245.27,243.72,244.63
2016-03-21,245.44,245.95,243.2,244.28
2016-03-22,244.75,245.41,244.06,245.41
2016-03-23,245.33,246.18,244.45,245.23
2016-03-24,244.3,245.0,243.31,244.08
2016-03-25,244.61,244.65,243.33,243.79
2016-03-28,243.86,244.96,243.66,243.95
2016-03-29,244.55,245.88,244.11,245.53
2016-03-30,246.98,247.58,246.07,246.54
2016-03-31,246.95,247.26,244.55,245.86
2016-04-01,245.59,245.66,241.82,242.36
2016-04-04,242.38,243.06,241.73,243.05
2016-04-05,242.1,242.25,240.28,240.58
2016-04-06,240.85,242.59,240.65,241.99
2016-04-07,243.05,243.27,241.03,242.29
2016-04-08,240.59,241.84,239.57,241.77
2016-04-11,241.79,242.29,240.65,242.06
2016-04-12,242.05,243.94,241.72,243.71
2016-04-14,247.01,248.9,246.76,248.89
2016-04-15,248.47,249.03,247.68,248.53
2016-04-18,246.7,248.04,246.32,248.0
2016-04-19,248.67,249.34,247.49,247.88
2016-04-20,248.63,249.56,247.26,247.26
2016-04-21,248.45,249.5,247.92,249.39
2016-04-22,248.44,248.86,247.74,248.32
2016-04-25,248.33,248.45,247.08,248.13
2016-04-26,247.81,249.22,247.7,248.92
2016-04-27,248.87,249.09,248.28,248.69
2016-04-28,249.42,249.52,245.91,246.27
2016-04-29,245.9,246.01,243.89,245.2
2016-05-02,244.86,244.88,243.27,243.47
2016-05-03,244.88,244.9,243.48,244.29
2016-05-04,243.29,243.85,242.23,243.31
2016-05-09,242.84,243.11,241.63,242.23
2016-05-10,241.97,243.68,241.77,243.68
2016-05-11,244.39,244.39,241.99,243.07
2016-05-12,242.23,243.12,241.66,242.34
2016-05-13,242.61,242.73,240.03,240.6
2016-05-16,240.01,241.32,240.01,240.82
2016-05-17,241.67,241.81,240.26,241.03
2016-05-18,240.32,240.46,238.14,239.82
2016-05-19,239.45,239.68,238.47,239.04
2016-05-20,238.67,239.59,238.23,238.74
2016-05-23,239.6,240.08,237.81,239.85
2016-05-24,239.28,239.48,237.65,237.65
2016-05-25,239.68,241.45,239.28,240.91
2016-05-26,241.56,242.05,240.45,240.58
2016-05-27,241.25,242.41,240.74,241.85
2016-05-30,241.94,242.07,240.41,241.73
2016-05-31,241.03,243.84,240.36,243.63
2016-06-01,242.7,244.19,242.48,243.58
2016-06-02,243.88,244.66,243.31,244.18
2016-06-03,244.94,244.94,243.67,244.39
2016-06-07,245.55,247.86,245.54,247.85
2016-06-08,248.24,250.04,247.68,250.04
2016-06-09,250.19,251.51,248.46,250.19
2016-06-10,249.86,249.86,248.63,248.96
2016-06-13,246.74,246.96,243.7,244.05
2016-06-14,243.79,244.46,242.36,243.35
2016-06-15,243.41,244.16,242.19,243.3
2016-06-16,243.66,244.0,240.52,241.61
2016-06-17,243.35,244.02,241.32,241.63
2016-06-20,244.44,245.63,243.74,245.17
2016-06-21,244.6,245.5,243.99,245.34
2016-06-22,245.17,247.03,244.79,246.75
2016-06-23,246.42,246.81,245.64,246.31
2016-06-24,248.23,248.27,234.97,239.21
2016-06-27,236.79,239.28,236.68,239.28
2016-06-28,236.78,240.46,236.73,240.08
2016-06-29,241.29,243.71,240.68,242.32
2016-06-30,244.25,244.48,242.52,244.14
2016-07-01,244.96,247.57,244.78,246.52
2016-07-04,246.66,247.94,246.16,247.62
2016-07-05,247.67,247.84,246.51,246.91
2016-07-06,245.37,245.74,240.73,241.86
2016-07-07,243.15,245.02,242.63,244.6
2016-07-08,244.3,245.4,242.72,243.43
2016-07-11,245.64,247.42,245.44,246.99
2016-07-12,247.36,248.35,246.62,247.14
2016-07-13,249.44,250.26,247.74,249.25
2016-07-14,248.95,249.96,248.36,249.8
2016-07-15,250.61,251.72,249.99,251.02
2016-07-18,251.08,251.65,250.31,251.52
2016-07-19,251.64,251.76,250.08,250.97
2016-07-20,250.37,250.66,249.08,250.66
2016-07-21,251.11,251.36,249.72,250.44
2016-07-22,249.43,250.7,248.97,250.04
2016-07-25,250.4,251.49,249.69,250.65
2016-07-26,250.19,252.76,249.9,252.72
2016-07-27,252.63,253.2,252.13,252.73
2016-07-28,253.27,253.34,251.0,251.86
2016-07-29,252.24,253.37,251.48,251.48
2016-08-01,252.91,254.02,252.81,253.81
2016-08-02,252.8,253.14,251.76,251.93
2016-08-03,250.56,250.56,248.6,248.65
2016-08-04,250.22,250.34,248.65,249.24
2016-08-05,250.21,252.4,249.96,252.36
2016-08-08,253.34,254.18,252.51,254.11
2016-08-09,254.38,256.24,254.19,255.85
2016-08-10,255.68,256.31,255.06,255.43
2016-08-11,255.14,256.18,254.24,256.18
2016-08-12,256.86,257.88,255.7,256.17
2016-08-16,256.95,258.13,256.12,256.15
2016-08-17,255.82,256.32,254.6,256.04
2016-08-18,256.62,258.23,255.8,258.11
2016-08-19,258.42,258.84,257.54,258.69
2016-08-22,258.54,258.63,256.92,257.27
2016-08-23,257.57,258.63,257.09,258.42
2016-08-24,258.4,258.65,256.54,257.3
2016-08-25,256.78,257.76,256.0,257.26
2016-08-26,256.17,256.76,255.02,256.23
2016-08-29,254.93,256.66,254.45,256.49
2016-08-30,257.27,258.93,257.0,257.49
2016-08-31,257.21,257.49,255.9,256.87
2016-09-01,254.95,256.13,253.86,256.03
2016-09-02,256.16,256.73,255.57,256.5
2016-09-05,257.85,259.74,257.63,259.64
2016-09-06,259.39,261.16,259.26,260.93
2016-09-07,261.15,262.1,260.31,260.31
2016-09-08,260.72,261.48,259.41,260.86
2016-09-09,258.68,258.94,256.21,257.31
2016-09-12,252.37,253.43,250.53,250.53
2016-09-13,253.39,253.55,251.66,251.77
2016-09-19,251.51,254.54,251.38,253.93
2016-09-20,253.86,255.23,253.33,255.09
2016-09-21,254.65,256.55,254.56,256.52
2016-09-22,258.46,259.99,258.13,258.34
2016-09-23,258.44,259.14,257.71,258.37
2016-09-26,258.07,259.32,256.9,257.48
2016-09-27,256.16,259.87,255.16,259.57
2016-09-28,259.32,259.46,257.96,258.21
2016-09-29,259.6,260.95,259.6,260.35
2016-09-30,258.3,258.91,257.29,257.49
2016-10-04,259.51,259.74,258.55,259.18
2016-10-05,257.51,259.49,256.67,258.99
2016-10-06,261.6,261.68,259.65,261.13
2016-10-07,261.17,261.53,259.73,260.06
2016-10-10,258.85,260.71,257.68,260.31
2016-10-11,259.29,260.4,255.93,256.15
2016-10-12,254.69,256.67,254.56,256.2
2016-10-13,256.19,256.6,253.79,253.93
2016-10-14,254.7,255.91,254.66,255.09
2016-10-17,255.9,257.07,253.71,256.19
2016-10-18,256.17,258.04,255.99,257.98
2016-10-19,257.25,259.67,257.17,258.21
2016-10-20,258.55,259.28,257.8,258.41
2016-10-21,258.16,258.39,256.82,257.26
2016-10-24,257.83,259.48,257.76,259.48
2016-10-25,258.79,258.92,257.82,258.57
2016-10-26,257.73,257.73,254.13,255.52
2016-10-27,256.25,256.99,255.62,256.66
2016-10-28,256.45,257.3,255.89,256.53
2016-10-31,255.6,256.66,255.21,255.93
2016-11-01,255.35,256.3,253.51,255.99
2016-11-02,254.27,254.77,252.33,252.83
2016-11-03,252.44,253.74,251.72,252.9
2016-11-04,252.85,253.29,251.86,252.57
2016-11-07,254.79,255.42,254.0,254.6
2016-11-08,256.2,256.31,254.1,255.26
2016-11-09,255.83,257.03,246.51,249.67
2016-11-10,253.8,255.31,252.64,255.31
2016-11-11,252.93,253.88,251.9,251.99
2016-11-14,251.59,252.36,250.0,250.01
2016-11-15,250.39,250.93,249.18,249.2
2016-11-16,250.93,251.54,250.23,250.32
2016-11-17,249.62,250.86,248.71,250.46
2016-11-18,250.9,251.02,249.23,250.21
2016-11-21,249.7,250.8,248.93,249.51
2016-11-22,250.85,252.85,250.47,252.37
2016-11-23,253.09,254.71,252.22,253.66
2016-11-24,253.22,253.71,251.44,252.03
2016-11-25,252.19,252.84,251.64,252.26
2016-11-28,252.46,253.63,250.87,252.96
2016-11-29,252.98,253.63,252.32,252.91
2016-11-30,253.2,255.0,252.86,254.26
2016-12-01,254.84,255.23,254.06,254.48
2016-12-02,253.93,254.22,252.06,252.88
2016-12-05,252.12,253.04,251.52,252.14
2016-12-06,253.88,256.27,253.85,255.63
2016-12-07,256.57,257.05,255.96,256.34
2016-12-08,258.79,262.0,258.63,262.0
2016-12-09,261.24,261.29,260.34,260.91
2016-12-12,261.59,261.69,259.89,260.72
2016-12-13,260.38,261.72,260.08,261.63
2016-12-14,262.64,262.86,261.12,262.0
2016-12-15,259.9,262.08,259.82,261.45
2016-12-16,261.59,262.91,261.16,262.56
2016-12-19,262.03,263.22,261.86,261.93
2016-12-20,262.78,263.26,262.14,262.59
2016-12-21,263.76,264.42,262.1,262.1
2016-12-22,262.71,262.92,261.66,261.97
2016-12-23,262.1,262.26,261.3,261.61
2016-12-26,261.83,262.27,261.36,261.9
2016-12-27,262.35,262.85,261.79,262.49
2016-12-28,259.65,260.59,259.52,259.7
2016-12-29,259.02,260.04,258.62,260.01
2017-01-02,259.42,261.21,258.64,260.36
2017-01-03,261.55,263.0,260.72,262.97
2017-01-04,263.19,263.27,262.47,263.12
2017-01-05,262.88,262.94,261.64,261.98
2017-01-06,263.01,263.61,262.66,263.2
2017-01-09,263.83,264.55,263.34,263.74
2017-01-10,263.15,263.88,262.83,263.73
2017-01-11,264.24,268.91,264.18,268.15
2017-01-12,268.48,269.95,267.93,269.95
2017-01-13,268.34,268.68,267.66,267.91
2017-01-16,267.71,268.53,265.37,266.15
2017-01-17,266.65,268.53,266.33,267.37
2017-01-18,267.64,267.96,265.37,267.08
2017-01-19,269.3,270.01,266.39,267.7
2017-01-20,266.45,267.35,266.18,266.52
2017-01-23,266.77,267.84,265.53,267.12
2017-01-24,267.79,268.25,266.24,267.3
2017-01-25,268.65,269.04,267.28,268.15
2017-01-26,269.15,271.21,268.47,270.48
2017-01-31,269.61,270.0,268.09,268.09
2017-02-01,269.16,269.97,268.87,269.56
2017-02-02,269.63,271.25,268.01,268.49
2017-02-03,269.1,269.62,267.37,268.85
2017-02-06,270.65,271.08,268.75,269.49
2017-02-07,269.52,269.68,268.51,268.97
2017-02-08,268.51,268.56,265.76,267.72
2017-02-09,267.99,268.91,267.21,267.69
2017-02-10,269.04,269.72,268.43,268.66
2017-02-13,268.48,268.85,267.88,268.81
2017-02-14,268.82,269.34,267.05,267.9
2017-02-15,267.64,269.47,267.06,268.81
2017-02-16,269.48,270.22,268.32,268.93
2017-02-17,267.6,269.02,267.6,268.84
2017-02-20,269.41,269.92,268.57,269.73
2017-02-21,269.9,273.13,269.7,272.11
2017-02-22,272.61,273.15,271.96,272.85
2017-02-23,272.61,273.18,272.18,272.89
2017-02-24,272.61,272.84,269.76,270.38
2017-02-27,270.35,270.62,268.72,268.97
2017-02-28,269.27,270.62,269.1,270.06
2017-03-02,272.14,273.34,271.35,272.65
2017-03-03,271.03,271.48,268.77,269.77
2017-03-06,269.07,270.74,268.36,270.41
2017-03-07,270.22,272.45,269.96,271.87
2017-03-08,271.65,273.21,271.32,272.29
2017-03-09,272.73,272.97,271.56,271.62
2017-03-10,271.08,273.0,270.24,272.29
2017-03-13,273.03,276.25,272.79,275.41
2017-03-14,276.8,278.2,276.51,277.89
2017-03-15,276.91,278.22,276.78,277.89
2017-03-16,280.99,281.35,279.26,280.11
2017-03-17,280.02,281.95,279.65,281.86
2017-03-20,281.08,281.16,280.0,280.75
2017-03-21,281.54,284.4,281.23,283.84
2017-03-22,281.07,282.66,280.85,282.63
2017-03-23,283.29,284.38,282.58,282.81
2017-03-24,282.66,284.0,281.49,282.31
2017-03-27,281.1,281.79,279.98,280.36
2017-03-28,281.85,282.24,280.5,281.25
2017-03-29,282.52,282.54,281.27,281.86
2017-03-30,282.44,283.11,280.95,281.66
2017-03-31,282.03,282.09,280.63,280.64
2017-04-03,281.51,282.35,280.85,281.6
2017-04-04,281.25,281.77,280.32,280.92
2017-04-05,280.99,281.36,278.76,280.74
2017-04-06,279.57,279.81,278.2,279.47
2017-04-07,279.64,279.82,277.63,279.01
2017-04-10,278.69,278.69,276.5,277.21
2017-04-11,276.55,277.46,275.01,275.49
2017-04-12,276.11,276.43,275.28,276.21
2017-04-13,276.38,279.12,275.66,279.12
2017-04-14,277.59,278.14,276.12,277.31
2017-04-17,278.06,279.06,277.49,278.1
2017-04-18,279.36,279.42,277.05,278.23
2017-04-19,277.66,278.07,275.97,276.49
2017-04-20,276.32,278.04,275.75,277.76
2017-04-21,279.44,280.89,278.8,280.05
2017-04-24,281.66,282.04,280.81,281.96
2017-04-25,282.17,285.47,282.0,285.41
2017-04-26,286.04,287.22,285.79,286.78
2017-04-27,285.8,287.76,285.52,287.34
2017-04-28,288.51,289.02,286.76,287.21
2017-05-02,288.6,291.12,288.39,289.65
2017-05-04,290.53,292.47,290.53,292.47
2017-05-08,292.95,299.86,292.66,299.86
2017-05-10,299.81,304.26,295.53,296.19
2017-05-11,297.25,300.22,296.35,299.75
2017-05-12,299.78,300.1,297.84,298.25
2017-05-15,298.54,299.84,297.51,298.87
2017-05-16,301.25,301.65,298.05,299.67
2017-05-17,299.02,299.95,297.9,299.34
2017-05-18,296.34,298.78,295.66,298.47
2017-05-19,298.26,299.1,297.44,298.08
2017-05-22,299.76,300.7,298.98,300.63
2017-05-23,301.44,303.7,300.41,301.36
2017-05-24,302.32,302.79,301.23,301.71
2017-05-25,302.83,305.34,302.18,305.22
2017-05-26,305.41,308.51,305.07,306.96
2017-05-29,307.98,309.32,305.13,306.52
2017-05-30,306.89,306.99,303.11,304.59
2017-05-31,303.79,306.18,303.64,304.67
2017-06-01,304.74,305.3,302.99,304.03
2017-06-02,305.34,308.01,305.27,307.83
2017-06-05,308.52,308.59,306.79,307.33
2017-06-07,306.94,307.59,305.42,305.68
2017-06-08,305.7,306.87,304.17,306.25
2017-06-09,307.51,310.02,307.17,309.38
2017-06-12,307.74,308.31,305.59,306.24
2017-06-13,306.25,308.29,306.25,308.02
2017-06-14,309.53,310.05,307.03,307.95
2017-06-15,308.02,308.83,305.04,306.69
2017-06-16,306.97,307.4,305.82,306.79
2017-06-19,307.14,309.29,306.19,308.61
2017-06-20,310.55,310.63,308.72,309.31
2017-06-21,307.61,308.0,306.13,307.52
2017-06-22,308.6,309.47,307.28,309.47
2017-06-23,309.36,310.58,308.96,310.26
2017-06-26,310.53,312.22,310.13,311.89
2017-06-27,311.72,312.95,311.05,312.12
2017-06-28,310.71,312.03,310.47,310.84
2017-06-29,312.86,313.79,312.26,312.56
2017-06-30,310.61,311.76,310.17,311.76
2017-07-03,312.5,312.93,310.85,312.39
2017-07-04,312.42,312.82,309.78,310.46
2017-07-05,309.87,312.1,309.64,311.77
2017-07-06,312.17,312.5,310.76,311.88
2017-07-07,310.17,311.45,309.62,310.66
2017-07-10,311.65,312.41,310.72,311.46
2017-07-11,312.04,313.7,311.5,313.59
2017-07-12,313.5,314.3,313.21,313.58
2017-07-13,315.46,318.4,315.03,316.35
2017-07-14,317.7,318.29,316.81,317.35
2017-07-17,319.22,319.45,317.86,318.52
2017-07-18,318.38,318.66,317.59,318.65
2017-07-19,319.15,319.15,317.52,318.91
2017-07-20,319.68,320.99,318.67,320.61
2017-07-21,320.17,322.01,320.0,321.79
2017-07-24,321.74,322.01,320.82,322.01
2017-07-25,321.7,322.16,319.72,320.15
2017-07-26,320.86,320.9,318.68,319.46
2017-07-27,320.63,321.46,319.51,320.51
2017-07-28,319.01,319.18,313.72,314.13
2017-07-31,312.73,314.81,312.2,314.6
2017-08-01,313.58,318.58,313.19,317.04
2017-08-02,318.58,318.86,317.17,317.69
2017-08-03,316.95,317.02,310.22,312.29
2017-08-04,312.8,314.14,311.89,313.46
2017-08-07,314.34,315.75,313.24,313.96
2017-08-08,314.94,315.66,311.99,313.4
2017-08-09,311.2,312.34,309.18,309.52
2017-08-10,308.3,309.78,305.73,308.37
2017-08-11,303.37,304.96,301.32,302.72
2017-08-14,304.99,305.84,303.75,304.93
2017-08-16,308.27,308.66,306.59,307.16
2017-08-17,307.85,309.58,307.16,309.02
2017-08-18,305.91,309.08,305.9,308.39
2017-08-21,309.09,309.09,307.56,308.14
2017-08-22,308.66,309.93,308.5,309.34
2017-08-23,311.02,311.52,308.85,309.71
2017-08-24,310.14,311.73,309.72,310.73
2017-08-25,311.56,312.16,310.24,311.21
2017-08-28,310.69,311.79,308.89,309.53
2017-08-29,307.46,308.64,304.24,308.64
2017-08-30,309.08,309.65,308.45,309.65
2017-08-31,309.77,310.33,307.14,308.28
2017-09-01,308.85,309.43,306.82,307.78
2017-09-04,302.52,306.38,302.45,304.19
2017-09-05,305.64,305.66,303.06,304.06
2017-09-06,303.62,303.85,302.41,303.18
2017-09-07,304.4,307.56,304.36,306.97
2017-09-08,307.68,308.1,306.63,307.43
2017-09-11,309.06,311.26,308.95,309.83
2017-09-12,311.7,311.78,309.53,310.42
2017-09-13,311.16,312.24,309.76,310.0
2017-09-14,310.82,312.52,309.75,312.52
2017-09-15,311.19,313.69,310.82,313.69
2017-09-18,314.31,318.93,314.17,318.93
2017-09-19,319.04,319.45,318.03,318.51
2017-09-20,319.1,320.4,317.19,318.48
2017-09-21,318.38,319.23,317.4,318.25
2017-09-22,318.06,319.15,315.47,316.71
2017-09-25,316.81,317.35,315.3,316.4
2017-09-26,314.96,315.68,313.68,314.29
2017-09-27,314.73,314.73,313.32,313.82
2017-09-28,314.32,315.17,312.88,313.85
2017-09-29,314.6,316.45,314.6,316.27
2017-10-10,321.29,324.0,320.57,322.49
2017-10-11,323.97,326.2,323.43,326.12
2017-10-12,326.58,328.11,325.96,328.11
2017-10-13,327.7,328.44,326.65,327.35
2017-10-16,328.57,329.42,326.99,327.82
2017-10-17,328.69,329.21,327.84,328.51
2017-10-18,328.06,329.43,327.13,328.4
2017-10-19,328.67,329.34,326.04,326.47
2017-10-20,327.08,328.89,327.02,328.89
2017-10-23,330.24,330.55,328.5,329.45
2017-10-24,329.34,330.12,328.91,328.96
2017-10-25,329.75,330.05,327.84,329.31
2017-10-26,328.63,329.65,326.99,326.99
2017-10-27,327.5,329.75,326.62,329.23
2017-10-30,331.72,331.72,329.62,330.38
2017-10-31,330.05,334.4,329.66,333.57
2017-11-01,335.67,338.76,335.6,338.76
2017-11-02,339.33,339.59,336.83,337.53
2017-11-03,339.08,339.12,336.16,338.83
2017-11-06,338.66,339.01,334.53,337.4
2017-11-07,337.23,338.35,336.0,336.76
2017-11-08,335.2,338.9,335.02,337.8
2017-11-09,338.55,338.59,334.99,337.14
2017-11-10,335.64,336.69,334.63,335.96
2017-11-13,336.63,337.34,333.73,334.33
2017-11-14,334.63,334.73,333.13,333.62
2017-11-15,333.39,333.6,331.36,332.17
2017-11-16,332.75,334.92,331.84,334.36
2017-11-17,336.05,338.04,334.18,334.18
2017-11-20,334.43,335.18,332.26,332.92
2017-11-21,333.78,334.92,332.7,333.51
2017-11-22,335.93,337.05,334.62,335.49
2017-11-23,335.66,335.89,333.99,334.51
2017-11-24,334.77,335.44,333.86,335.44
2017-11-27,335.24,335.61,329.47,329.53
2017-11-28,330.19,331.58,328.51,330.99
2017-11-29,331.41,332.22,330.04,330.68
2017-11-30,328.45,329.55,324.82,325.25
2017-12-01,326.85,326.85,324.5,324.78
2017-12-04,326.31,328.77,324.88,328.77
2017-12-05,326.77,330.17,326.34,329.61
2017-12-06,329.48,329.51,324.52,324.52
2017-12-07,325.31,325.53,322.39,323.59
2017-12-08,324.84,325.38,323.42,324.68
2017-12-11,325.13,325.4,323.34,325.09
2017-12-12,325.15,325.26,323.27,324.07
2017-12-13,324.14,326.58,323.13,326.18
2017-12-14,327.0,331.22,324.74,324.74
2017-12-15,327.39,328.34,325.36,326.23
2017-12-18,327.09,327.16,325.64,326.6
2017-12-19,327.62,329.43,325.82,326.76
2017-12-20,326.2,327.51,325.55,325.79
2017-12-21,325.82,325.88,319.72,319.72
2017-12-22,320.86,321.89,319.55,321.21
2017-12-26,322.14,323.43,318.89,318.89
2017-12-27,318.18,320.25,316.9,320.25
2017-12-28,320.63,324.74,320.34,324.74
2018-01-02,325.73,326.45,324.3,326.0
2018-01-03,327.13,328.37,326.56,327.13
2018-01-04,329.52,329.52,324.58,324.58
2018-01-05,326.06,329.03,325.78,328.97
2018-01-08,330.83,331.65,328.47,331.28
2018-01-09,330.67,332.7,328.53,330.25
2018-01-10,330.87,330.97,327.07,327.61
2018-01-11,326.92,327.98,325.07,325.67
2018-01-12,327.34,327.5,324.22,326.72
2018-01-15,328.57,328.94,326.21,327.39
2018-01-16,327.44,330.5,326.65,330.02
2018-01-17,329.31,330.21,328.03,329.19
2018-01-18,331.03,331.88,328.77,329.13
2018-01-19,329.81,330.55,328.51,329.52
2018-01-22,328.78,328.84,324.56,326.27
2018-01-23,327.42,330.93,327.17,330.93
2018-01-24,330.37,332.44,329.86,330.91
2018-01-25,330.67,334.5,330.6,334.08
2018-01-26,333.75,335.38,332.51,335.38
2018-01-29,337.28,339.27,337.05,338.05
2018-01-30,336.62,337.88,333.4,333.4
2018-01-31,332.38,338.48,331.65,333.38
2018-02-01,335.06,335.66,332.93,333.36
2018-02-02,332.69,332.69,326.3,327.01
2018-02-05,322.05,324.64,320.6,323.29
2018-02-06,316.62,319.15,312.62,318.01
2018-02-07,322.06,322.1,310.47,310.48
2018-02-08,310.84,314.24,309.95,311.62
2018-02-09,303.54,306.34,303.47,304.83
2018-02-12,306.91,309.65,305.17,308.13
2018-02-13,310.45,314.15,309.23,310.87
2018-02-14,313.33,315.53,312.81,314.4
2018-02-19,318.42,318.8,314.51,316.61
2018-02-20,315.19,315.73,312.2,312.83
2018-02-21,313.14,314.95,310.99,314.47
2018-02-22,312.72,313.49,311.13,312.17
2018-02-23,313.89,316.81,313.89,316.81
2018-02-26,318.49,318.6,316.12,317.34
2018-02-27,319.52,320.71,316.83,316.83
2018-02-28,315.89,317.42,312.75,312.86
2018-03-02,310.11,310.42,306.88,308.35
2018-03-05,308.39,308.79,304.46,304.58
2018-03-06,308.15,310.65,306.95,310.46
2018-03-07,311.57,314.11,309.11,311.14
2018-03-08,313.62,314.78,311.04,314.78
2018-03-09,316.06,320.47,314.87,317.67
2018-03-12,321.32,321.86,319.69,320.7
2018-03-13,320.98,322.98,320.37,322.98
2018-03-14,320.72,322.27,320.39,321.99
2018-03-15,322.06,323.44,319.76,322.74
2018-03-16,322.94,323.42,320.3,322.88
2018-03-19,322.57,322.8,319.72,320.35
2018-03-20,317.79,321.8,317.66,321.79
2018-03-21,322.19,322.85,321.46,321.6
2018-03-22,322.97,324.72,321.8,323.32
2018-03-23,316.6,317.13,311.78,312.42
2018-03-26,311.93,314.89,309.85,314.89
2018-03-27,317.22,317.39,315.24,316.34
2018-03-28,312.54,313.06,310.35,311.81
2018-03-29,312.03,314.45,310.8,313.82
2018-03-30,316.19,316.92,314.59,314.61
2018-04-02,315.56,317.07,313.62,314.0
2018-04-03,311.03,313.38,309.91,313.38
2018-04-04,314.21,314.21,308.33,308.54
2018-04-05,311.12,314.53,310.3,313.04
2018-04-06,310.39,312.32,309.73,311.61
2018-04-09,310.88,313.88,310.86,313.45
2018-04-10,312.53,314.77,309.58,313.94
2018-04-11,314.83,315.45,312.44,312.94
2018-04-12,313.92,314.69,312.99,313.22
2018-04-13,314.42,315.71,313.77,314.86
2018-04-16,316.45,316.53,314.14,315.17
2018-04-17,315.44,316.48,313.95,314.64
2018-04-18,316.58,319.28,316.55,318.64
2018-04-19,319.26,320.68,318.47,320.12
2018-04-20,318.6,319.39,317.29,317.89
2018-04-23,317.32,318.28,316.5,317.89
2018-04-24,318.24,318.3,314.43,315.86
2018-04-25,313.09,314.43,312.1,313.99
2018-04-26,315.55,319.06,314.95,318.08
2018-04-27,321.39,322.93,319.43,320.8
2018-04-30,321.93,323.58,321.66,323.56
2018-05-02,323.56,323.97,321.99,322.53
2018-05-03,322.83,322.95,320.55,320.55
2018-05-04,320.56,321.0,316.75,316.75
2018-05-08,317.79,319.53,314.95,315.87
2018-05-09,315.93,316.08,312.6,314.42
2018-05-10,316.51,317.34,315.11,317.31
2018-05-11,318.03,319.7,317.86,318.51
2018-05-14,318.93,319.5,317.09,317.72
2018-05-15,317.73,318.35,314.57,314.94
2018-05-16,313.81,316.62,313.78,315.97
2018-05-17,317.33,317.77,314.29,314.29
2018-05-18,315.5,315.8,314.46,315.37
2018-05-21,315.74,317.19,313.45,316.25
2018-05-23,316.45,319.04,316.01,318.31
2018-05-24,318.93,319.46,316.55,317.48
2018-05-25,315.92,318.88,315.43,318.05
2018-05-28,318.37,319.99,318.04,318.99
2018-05-29,318.7,319.4,316.18,316.2
2018-05-30,314.64,315.2,308.07,309.26
2018-05-31,312.01,312.26,309.84,310.92
2018-06-01,310.13,314.14,309.87,313.22
2018-06-04,313.7,315.46,313.26,314.84
2018-06-05,315.12,316.07,312.83,315.76
2018-06-07,317.94,319.19,317.03,317.67
2018-06-08,316.94,317.25,314.53,314.97
2018-06-11,315.24,317.35,314.24,317.22
2018-06-12,317.81,318.3,316.21,316.84
2018-06-14,314.6,314.82,311.03,311.2
2018-06-15,312.43,312.55,308.71,308.73
2018-06-18,308.73,308.95,303.77,305.35
2018-06-19,304.92,305.79,300.74,301.35
2018-06-20,302.95,305.69,301.83,304.02
2018-06-21,304.06,305.04,301.02,301.02
2018-06-22,298.81,303.72,298.71,303.69
2018-06-25,302.77,303.99,300.69,303.37
2018-06-26,300.3,303.83,299.5,302.76
2018-06-27,302.73,304.29,301.92,302.25
2018-06-28,299.91,300.83,297.72,298.26
2018-06-29,299.37,300.28,295.97,299.66
2018-07-02,299.12,300.04,292.93,292.93
2018-07-03,294.89,295.06,290.89,293.35
2018-07-04,293.54,294.63,291.87,292.26
2018-07-05,292.12,293.6,289.9,291.63
2018-07-06,292.04,294.73,290.09,293.11
2018-07-09,293.88,296.63,292.58,295.2
2018-07-10,297.14,297.99,295.84,296.19
2018-07-11,293.8,295.27,291.77,294.43
2018-07-12,294.94,296.63,293.77,294.41
2018-07-13,295.88,298.99,295.86,298.65
2018-07-16,298.71,299.56,297.06,297.37
2018-07-17,297.46,298.15,295.74,296.88
2018-07-18,299.2,300.24,296.08,296.47
2018-07-19,297.71,297.94,295.52,295.9
2018-07-20,295.78,297.52,294.05,296.95
2018-07-23,296.81,296.81,293.8,294.56
2018-07-24,294.92,296.05,293.28,295.49
2018-07-25,295.99,297.17,294.29,294.85
2018-07-26,296.2,298.22,295.11,296.95
2018-07-27,297.29,297.88,296.21,297.78
2018-07-30,297.01,298.0,295.99,297.29
2018-07-31,297.01,297.79,296.14,297.45
2018-08-01,298.32,299.96,298.06,298.69
2018-08-02,298.25,298.54,292.89,293.55
2018-08-03,294.45,295.85,293.59,295.61
2018-08-06,295.79,297.37,294.78,295.24
2018-08-07,295.79,297.38,294.37,297.18
2018-08-08,297.97,298.46,296.78,297.19
2018-08-09,297.23,297.41,295.61,297.41
2018-08-10,295.93,296.1,293.05,293.64
2018-08-13,291.21,292.09,288.11,289.85
2018-08-14,290.03,291.64,289.61,291.08
2018-08-16,287.1,289.05,285.42,288.24
2018-08-17,288.57,289.35,287.78,288.57
2018-08-20,289.78,290.93,288.15,288.61
2018-08-21,288.51,292.41,287.94,291.93
2018-08-22,292.45,293.83,291.93,293.0
2018-08-23,294.21,294.37,292.39,294.29
2018-08-24,293.26,295.91,292.53,295.54
2018-08-27,296.21,297.34,295.3,296.83
2018-08-28,298.67,298.95,296.6,297.22
2018-08-29,297.31,298.23,296.63,298.05
2018-08-30,298.44,299.99,297.37,298.05
2018-08-31,296.49,300.07,296.09,300.07
2018-09-03,299.15,299.28,296.85,297.49
2018-09-04,297.72,299.2,296.86,298.8
2018-09-05,297.89,298.4,294.37,294.96
2018-09-06,294.23,295.82,293.62,294.28
2018-09-07,292.26,293.79,290.69,292.86
2018-09-10,292.37,294.06,292.25,293.7
2018-09-11,293.42,294.75,291.49,292.46
2018-09-12,292.74,293.29,290.89,292.35
2018-09-13,292.5,293.42,291.78,292.42
2018-09-14,295.19,297.38,295.04,297.29
2018-09-17,296.7,296.74,294.14,295.23
2018-09-18,293.06,296.51,293.03,296.1
2018-09-19,297.63,297.72,295.5,296.64
2018-09-20,297.47,300.45,297.12,299.04
2018-09-21,299.84,300.81,298.9,300.81
2018-09-27,299.54,302.6,299.54,302.59
2018-09-28,302.53,302.64,299.83,300.51
2018-10-01,301.55,301.97,299.3,300.17
2018-10-02,300.2,300.93,296.36,296.53
2018-10-04,296.42,296.42,291.26,291.78
2018-10-05,291.42,292.66,289.33,291.28
2018-10-08,290.02,292.29,289.91,289.91
2018-10-10,290.23,290.37,286.92,287.85
2018-10-11,281.52,282.65,275.15,275.15
2018-10-12,275.82,281.26,275.43,279.37
2018-10-15,278.35,278.91,276.49,277.19
2018-10-16,278.73,279.52,276.22,276.9
2018-10-17,280.07,281.99,279.1,280.05
2018-10-18,278.73,280.01,277.3,277.48
2018-10-19,275.08,279.03,273.81,278.63
2018-10-22,276.78,279.89,275.99,279.4
2018-10-23,277.31,277.57,270.72,272.54
2018-10-24,274.07,274.24,270.64,271.36
2018-10-25,264.46,267.09,262.97,266.72
2018-10-26,267.04,267.04,260.16,262.69
2018-10-29,262.82,265.29,259.84,260.19
2018-10-30,259.15,264.74,259.06,262.47
2018-10-31,263.55,264.14,261.03,264.01
2018-11-01,264.72,266.97,262.77,262.95
2018-11-02,266.16,272.79,265.82,272.56
2018-11-05,270.22,270.45,266.67,270.07
2018-11-06,271.01,272.01,268.57,271.57
2018-11-07,271.43,273.79,269.77,270.45
2018-11-08,274.88,276.34,272.07,272.11
2018-11-09,272.25,273.57,270.85,271.33
2018-11-12,268.66,272.27,268.64,271.57
2018-11-13,267.03,269.89,264.63,269.7
2018-11-14,269.58,270.01,267.75,268.88
2018-11-15,267.93,271.69,267.68,271.54
2018-11-16,272.95,273.52,271.06,271.65
2018-11-19,272.01,274.05,270.83,272.31
2018-11-20,268.54,270.58,268.54,269.58
2018-11-21,265.96,268.49,264.95,268.27
2018-11-22,268.51,269.11,267.15,267.76
2018-11-23,268.12,268.54,264.86,266.33
2018-11-26,266.43,269.95,266.41,269.79
2018-11-27,270.9,272.47,269.27,272.08
2018-11-28,272.64,273.53,271.35,273.45
2018-11-29,277.08,277.54,273.4,274.16
2018-11-30,274.53,275.51,270.88,271.35
2018-12-03,275.7,276.98,273.59,276.18
2018-12-04,275.08,275.72,272.03,273.29
2018-12-05,269.53,272.38,269.47,271.49
2018-12-06,270.18,270.18,266.61,267.18
2018-12-07,268.97,269.66,267.03,268.28
2018-12-10,264.55,266.2,263.63,265.35
2018-12-11,265.87,265.99,263.87,264.69
2018-12-12,266.0,268.84,265.55,268.47
2018-12-13,269.07,271.06,268.22,269.41
2018-12-14,269.69,269.69,264.44,265.55
2018-12-17,265.81,267.19,265.41,266.33
2018-12-18,264.42,266.83,263.93,265.18
2018-12-19,266.02,267.55,265.26,267.31
2018-12-20,265.13,266.34,263.12,264.81
2018-12-21,263.66,265.06,263.15,265.06
2018-12-24,263.51,265.09,262.96,264.45
2018-12-26,261.09,262.49,259.35,260.98
2018-12-27,261.53,261.71,259.73,260.57
2018-12-28,261.61,262.85,261.27,261.98
2019-01-02,263.35,263.77,257.47,258.23
2019-01-03,258.19,258.7,255.35,255.77
2019-01-04,255.62,258.12,254.55,257.89
2019-01-07,261.11,263.13,260.76,261.57
2019-01-08,261.29,262.43,259.39,259.65
2019-01-09,260.95,266.05,260.87,265.6
2019-01-10,265.73,266.85,264.61,265.55
2019-01-11,266.58,267.58,265.56,267.13
2019-01-14,266.22,266.7,264.23,264.99
2019-01-15,265.62,270.02,265.37,269.93
2019-01-16,269.96,271.28,269.05,271.23
2019-01-17,271.66,273.05,270.81,271.88
2019-01-18,273.02,273.95,272.56,273.88
2019-01-21,274.99,275.14,272.29,274.0
2019-01-22,274.08,274.6,271.45,272.71
2019-01-23,271.35,274.51,271.03,273.87
2019-01-24,274.1,276.64,273.74,276.61
2019-01-25,277.3,281.72,277.04,281.67
2019-01-28,282.56,283.46,280.47,281.64
2019-01-29,281.12,283.0,279.65,283.0
2019-01-30,282.86,286.63,282.24,286.62
2019-01-31,288.85,288.87,285.89,285.89
2019-02-01,287.07,288.34,285.43,285.79
2019-02-07,287.54,287.67,284.97,285.65
2019-02-08,283.85,284.01,280.95,281.49
2019-02-11,281.75,282.19,280.02,282.1
2019-02-12,282.12,284.32,281.43,283.69
2019-02-13,285.09,285.59,284.13,284.97
2019-02-14,284.25,288.68,282.91,288.68
2019-02-15,286.42,286.42,282.81,283.98
2019-02-18,285.6,287.02,284.64,285.9
2019-02-19,285.36,286.12,283.16,284.91
2019-02-20,286.55,289.22,286.21,288.4
2019-02-21,287.43,289.28,286.05,288.41
2019-02-22,287.29,288.74,286.54,288.74
2019-02-25,290.19,290.32,287.84,289.0
2019-02-26,288.52,289.2,287.06,287.89
2019-02-27,288.9,289.41,288.09,288.76
2019-02-28,288.13,288.62,283.8,283.8
2019-03-04,286.12,286.68,282.16,282.51
2019-03-05,281.42,281.89,279.53,280.45
2019-03-06,280.09,280.26,278.72,279.85
2019-03-07,279.33,280.98,277.44,278.87
2019-03-08,277.18,278.0,274.84,274.84
2019-03-11,275.5,276.28,273.88,275.06
2019-03-12,277.41,278.48,276.94,277.73
2019-03-13,276.92,277.12,274.04,276.0
2019-03-14,276.79,277.4,274.78,276.64
2019-03-15,276.42,280.5,276.31,279.87
2019-03-18,280.27,280.77,278.92,279.93
2019-03-19,280.3,280.4,278.63,279.82
2019-03-20,278.84,280.07,276.34,279.92
2019-03-21,281.14,284.39,280.63,282.38
2019-03-22,283.92,284.55,282.09,283.13
2019-03-25,279.12,279.21,277.19,277.45
2019-03-26,278.43,278.49,276.91,277.6
2019-03-27,277.01,278.16,274.87,277.28
2019-03-28,275.02,276.2,273.9,275.08
2019-03-29,276.33,277.01,274.32,276.48
2019-04-01,278.41,280.93,278.41,280.32
2019-04-02,281.67,282.47,281.0,281.72
2019-04-03,281.88,285.65,281.22,285.65
2019-04-04,285.29,287.75,284.97,286.15
2019-04-05,286.03,287.53,285.93,286.68
2019-04-08,287.78,287.83,285.09,286.38
2019-04-09,286.51,288.02,285.38,286.71
2019-04-10,285.44,288.01,285.1,287.92
2019-04-11,288.33,288.71,286.38,287.42
2019-04-12,286.89,288.62,285.83,288.37
2019-04-15,289.54,290.74,289.12,289.38
2019-04-16,289.18,290.76,288.77,290.62
2019-04-17,290.68,291.21,289.84,290.33
2019-04-18,290.88,291.15,285.38,285.82
2019-04-19,287.18,287.48,285.72,285.89
2019-04-22,286.06,287.59,284.52,285.87
2019-04-23,285.85,286.83,285.42,286.47
2019-04-24,287.82,287.82,281.96,283.7
2019-04-25,282.8,284.22,281.9,282.83
2019-04-26,280.86,282.47,279.7,281.34
2019-04-29,282.0,286.79,281.81,286.79
2019-04-30,286.25,286.59,282.61,284.92
2019-05-02,283.37,286.87,283.14,286.12
2019-05-03,285.64,285.95,283.14,283.67
2019-05-07,280.89,281.66,278.95,281.31
2019-05-08,277.85,281.84,277.84,280.15
2019-05-09,278.83,279.63,271.0,271.0
2019-05-10,273.37,274.32,269.71,272.06
2019-05-13,269.8,271.54,268.55,268.72
2019-05-14,266.03,270.42,265.55,268.57
2019-05-15,268.42,271.0,267.62,269.64
2019-05-16,269.83,269.96,265.24,265.99
2019-05-17,267.85,268.06,263.94,264.35
2019-05-20,265.9,267.65,264.33,264.96
2019-05-21,265.25,268.55,264.79,266.12
2019-05-22,267.01,267.6,263.95,266.65
2019-05-23,266.4,267.12,264.5,266.38
2019-05-24,264.7,266.11,263.1,264.42
2019-05-27,264.18,265.85,263.17,264.4
2019-05-28,264.38,266.16,263.27,264.7
2019-05-29,264.1,264.1,260.22,261.37
2019-05-30,261.58,264.23,261.58,263.93
2019-05-31,262.48,265.21,261.53,263.89
2019-06-03,262.68,268.55,262.33,268.16
2019-06-04,267.84,268.47,266.72,267.66
2019-06-05,270.1,270.46,267.46,267.99
2019-06-07,267.97,269.63,266.27,268.27
2019-06-10,270.32,272.2,268.68,272.1
2019-06-11,271.48,273.69,271.24,273.21
2019-06-12,273.14,274.32,272.0,272.74
2019-06-13,271.96,272.46,268.38,271.13
2019-06-14,270.19,271.55,268.96,270.48
2019-06-17,269.83,271.59,269.14,270.09
2019-06-18,269.77,271.87,269.77,271.36
2019-06-19,274.4,275.6,274.08,275.31
2019-06-20,274.63,276.09,274.43,276.01
2019-06-21,276.17,276.26,274.6,275.48
2019-06-24,275.91,276.73,275.13,275.58
2019-06-25,275.33,277.02,274.19,275.28
2019-06-26,275.21,276.36,274.66,275.53
2019-06-27,275.47,278.63,275.09,277.75
2019-06-28,278.03,278.56,276.58,277.5
2019-07-01,279.59,279.68,276.85,277.27
2019-07-02,276.06,277.46,274.63,275.97
2019-07-03,275.57,276.69,271.9,272.37
2019-07-04,273.18,274.61,271.93,274.54
2019-07-05,274.74,275.23,272.41,274.35
2019-07-08,271.38,271.67,268.38,268.55
2019-07-09,269.6,270.22,267.72,267.72
2019-07-10,269.29,270.33,268.6,268.75
2019-07-11,270.58,272.97,270.46,271.78
2019-07-12,272.21,273.23,271.28,272.68
2019-07-15,272.06,273.38,270.99,272.64
2019-07-16,272.79,274.54,272.14,274.05
2019-07-17,272.13,272.28,270.29,271.48
2019-07-18,271.05,271.63,269.73,270.67
2019-07-19,272.71,274.95,272.21,274.55
2019-07-22,273.9,275.35,273.57,274.55
2019-07-23,274.93,276.56,274.84,275.92
2019-07-24,275.12,276.48,272.91,273.22
2019-07-25,274.08,274.62,271.25,273.04
2019-07-26,271.41,272.56,270.57,272.25
2019-07-29,271.21,271.91,267.07,267.75
2019-07-30,268.69,269.79,268.33,268.95
2019-07-31,268.46,269.14,265.0,266.34
2019-08-01,264.97,267.44,264.47,265.73
2019-08-02,262.61,263.94,261.75,262.99
2019-08-05,261.1,261.4,256.76,257.19
2019-08-06,250.85,257.04,250.24,253.41
2019-08-07,254.46,254.9,251.08,252.0
2019-08-08,254.11,255.33,252.37,252.4
2019-08-09,255.13,256.15,254.41,254.85
2019-08-12,255.57,256.43,254.43,255.35
2019-08-13,253.5,254.58,252.63,252.83
2019-08-14,255.84,256.82,254.59,254.86
2019-08-16,252.76,253.94,251.46,253.9
2019-08-19,255.2,255.84,254.25,255.11
2019-08-20,255.53,258.62,254.74,258.05
2019-08-21,257.15,259.49,257.11,258.38
2019-08-22,258.53,258.73,256.25,256.28
2019-08-23,255.11,256.88,254.91,256.11
2019-08-26,251.8,253.14,250.99,252.19
2019-08-27,253.74,254.96,252.53,253.5
2019-08-28,254.2,255.98,253.65,255.53
2019-08-29,255.68,256.28,253.6,254.31
2019-08-30,256.85,259.61,256.72,259.0
2019-09-02,258.25,259.74,257.8,259.08
2019-09-03,258.55,259.67,257.4,258.25
2019-09-04,257.89,261.69,257.76,261.69
2019-09-05,262.53,266.0,262.27,264.44
2019-09-06,266.2,266.36,264.74,265.53
2019-09-09,266.11,268.67,265.92,267.4
2019-09-10,267.96,269.13,267.35,268.76
2019-09-11,270.35,271.35,269.58,270.84
2019-09-16,271.48,272.03,269.59,272.02
2019-09-17,271.46,272.26,270.9,271.68
2019-09-18,271.88,273.72,271.04,273.06
2019-09-19,273.11,276.15,273.03,274.92
2019-09-20,275.01,276.67,274.46,276.44
2019-09-23,275.86,277.11,275.64,276.65
2019-09-24,276.41,278.17,275.55,277.97
2019-09-25,276.67,277.04,274.12,274.42
2019-09-26,275.61,276.38,273.5,274.89
2019-09-27,273.32,273.4,270.52,271.33
2019-09-30,270.61,273.85,270.06,273.55
2019-10-01,273.43,275.38,272.81,274.42
2019-10-02,272.39,272.42,268.55,268.55
2019-10-04,268.14,270.16,267.39,267.39
2019-10-07,269.12,269.75,266.83,267.67
2019-10-08,268.9,271.51,267.97,271.36
2019-10-10,268.79,270.78,266.23,268.8
2019-10-11,271.68,272.68,270.58,271.3
2019-10-14,274.71,275.75,273.97,274.23
2019-10-15,273.85,275.09,273.83,274.34
2019-10-16,276.26,277.59,275.24,276.32
2019-10-17,275.92,276.68,274.62,275.57
2019-10-18,275.99,277.06,272.28,272.81
2019-10-21,273.87,274.1,272.67,273.79
2019-10-22,275.4,278.19,274.93,277.41
2019-10-23,276.83,277.29,275.34,276.23
2019-10-24,277.7,277.84,274.31,276.7
2019-10-25,277.6,277.67,275.7,277.07
2019-10-28,278.16,279.42,277.29,277.78
2019-10-29,279.25,279.49,276.81,277.55
2019-10-30,277.49,277.49,274.95,275.51
2019-10-31,276.84,279.04,275.82,275.82
2019-11-01,276.17,278.55,275.59,278.43
2019-11-04,279.9,282.77,279.9,282.54
2019-11-05,282.99,284.46,282.27,284.38
2019-11-06,284.31,286.43,283.7,284.52
2019-11-07,284.04,284.82,283.05,284.37
2019-11-08,285.81,286.12,282.57,283.13
2019-11-11,283.3,283.3,280.4,280.85
2019-11-12,281.9,283.65,280.79,283.65
2019-11-13,282.28,282.49,280.62,281.28
2019-11-14,281.9,283.93,281.1,283.93
2019-11-15,283.85,287.72,283.3,287.29
2019-11-18,287.1,287.78,285.94,287.18
2019-11-19,285.74,286.34,283.73,286.23
2019-11-20,284.27,285.29,282.0,282.21
2019-11-21,281.89,282.33,276.98,278.28
2019-11-22,278.57,279.89,278.14,279.43
2019-11-25,281.77,283.53,281.48,282.19
2019-11-26,283.09,284.87,281.77,281.83
2019-11-27,283.56,284.02,281.27,282.85
2019-11-28,281.23,282.8,281.05,281.23
2019-11-29,282.08,282.1,276.34,276.78
2019-12-02,278.27,279.44,276.97,277.44
2019-12-03,274.93,276.63,273.88,276.19
2019-12-04,274.36,274.68,272.53,274.15
2019-12-05,275.65,276.63,272.53,273.3
2019-12-06,275.19,277.0,274.75,276.56
2019-12-09,278.31,278.75,277.02,278.03
2019-12-10,276.8,279.75,276.62,279.31
2019-12-11,279.19,281.03,278.45,280.28
2019-12-12,282.62,285.43,282.62,285.11
2019-12-13,289.34,290.11,288.32,290.11
2019-12-16,289.54,290.8,289.36,289.76
2019-12-17,291.76,294.5,290.52,294.4
2019-12-18,294.31,295.85,293.05,294.22
2019-12-19,295.06,295.84,292.82,294.31
2019-12-20,295.58,295.86,293.95,295.31
2019-12-23,295.84,296.12,293.81,294.87
2019-12-24,295.18,295.25,292.47,292.9
2019-12-26,293.12,294.07,291.79,294.06
2019-12-27,292.37,296.95,291.28,295.2
2019-12-30,294.6,295.49,293.4,293.77
2020-01-02,294.19,294.57,289.96,290.35
2020-01-03,293.1,294.88,289.04,290.74
2020-01-06,287.73,289.41,287.49,288.43
2020-01-07,290.01,292.26,289.64,291.23
2020-01-08,288.94,291.01,287.3,289.42
2020-01-09,293.83,294.41,292.1,294.41
2020-01-10,294.8,297.17,294.17,297.06
2020-01-13,296.62,300.31,296.53,300.13
2020-01-14,302.2,303.61,300.69,301.53
2020-01-15,299.91,301.13,298.82,299.74
2020-01-16,299.93,302.91,298.95,302.78
2020-01-17,305.07,306.05,302.51,303.3
2020-01-20,304.99,307.54,304.77,305.58
2020-01-21,304.94,306.09,301.85,302.11
2020-01-22,301.79,306.52,301.16,306.08
2020-01-23,303.77,304.72,301.71,302.33
2020-01-28,294.98,296.3,291.3,292.77
2020-01-29,294.38,295.67,292.45,293.98
2020-01-30,293.27,294.11,287.09,288.37
2020-01-31,290.24,291.47,284.53,284.53
2020-02-03,280.17,286.24,279.78,285.05
2020-02-04,285.19,291.38,285.11,290.68
2020-02-05,293.57,294.26,290.3,292.02
2020-02-06,294.74,300.98,294.32,300.65
2020-02-07,299.59,300.05,296.01,298.21
2020-02-10,294.07,296.73,293.33,296.24
2020-02-11,297.91,301.1,297.48,299.28
2020-02-12,299.83,302.2,298.09,301.54
2020-02-13,302.79,304.43,300.48,300.93
2020-02-14,300.95,304.2,299.18,303.01
2020-02-17,302.84,304.05,300.99,302.76
2020-02-18,300.26,301.29,297.2,297.74
2020-02-19,299.68,300.38,295.53,298.33
2020-02-20,300.34,301.35,295.01,296.65
2020-02-21,292.16,295.24,291.96,292.42
2020-02-24,285.51,286.62,281.02,281.02
2020-02-25,280.48,284.63,279.77,284.24
2020-02-26,278.45,281.98,277.68,279.94
2020-02-27,279.46,281.09,276.07,277.09
2020-02-28,272.33,273.98,267.23,268.02
2020-03-02,269.59,272.6,265.7,270.37
2020-03-03,277.44,277.54,270.79,271.56
2020-03-04,270.13,278.9,270.13,278.13
2020-03-05,280.66,282.05,277.91,281.38
2020-03-06,276.74,278.31,274.0,275.1
2020-03-09,266.39,267.75,261.76,263.11
2020-03-10,261.94,265.57,260.75,264.67
2020-03-11,264.63,265.04,255.69,257.01
2020-03-12,253.93,255.49,243.76,247.62
2020-03-13,231.71,246.19,227.36,240.65
2020-03-16,245.21,245.21,232.76,232.97
2020-03-17,222.94,234.56,222.46,226.89
2020-03-18,228.63,230.04,215.81,215.83
2020-03-19,220.72,220.85,196.27,199.28
2020-03-20,204.84,214.08,200.54,213.67
2020-03-23,200.8,206.66,198.67,201.87
2020-03-24,207.65,220.34,205.41,220.34
2020-03-25,228.37,233.42,224.74,232.89
2020-03-26,231.91,236.61,229.22,229.34
2020-03-27,239.11,239.48,227.01,233.79
2020-03-30,227.05,234.7,225.09,232.45
2020-03-31,235.2,237.47,232.5,236.82
2020-04-01,234.23,237.52,226.34,226.35
2020-04-02,227.47,232.22,223.6,231.84
2020-04-03,232.48,234.45,229.23,231.7
2020-04-06,234.4,241.19,233.75,240.81
2020-04-07,245.65,247.39,240.68,244.87
2020-04-08,243.71,246.99,241.77,241.89
2020-04-09,246.13,246.46,243.11,245.61
2020-04-10,245.14,248.21,244.02,248.0
2020-04-13,246.59,246.9,243.39,243.4
2020-04-14,246.2,248.55,244.58,247.45
2020-04-16,244.99,247.87,243.61,247.1
2020-04-17,252.52,257.37,252.38,255.02
2020-04-20,253.85,255.93,251.46,252.14
2020-04-21,250.26,251.88,245.11,249.4
2020-04-22,246.16,252.18,244.56,251.88
2020-04-23,253.42,255.22,251.58,253.74
2020-04-24,252.47,252.86,249.19,250.28
2020-04-27,251.18,255.79,250.61,254.84
2020-04-28,255.91,257.34,253.22,256.39
2020-04-29,256.58,259.67,256.04,258.15
2020-05-04,252.44,253.7,250.34,250.6
2020-05-06,253.76,255.01,251.26,255.0
2020-05-07,253.88,256.14,253.37,254.46
2020-05-08,256.66,258.29,256.23,256.62
2020-05-11,257.67,258.87,254.59,254.95
2020-05-12,255.33,255.56,250.98,253.37
2020-05-13,250.03,255.85,249.95,255.85
2020-05-14,253.26,254.39,252.09,253.65
2020-05-15,255.34,255.49,252.02,253.79
2020-05-18,254.55,256.31,252.95,255.44
2020-05-19,261.12,262.34,259.96,261.79
2020-05-20,260.48,263.25,260.48,262.72
2020-05-21,264.52,264.85,263.07,263.74
2020-05-22,263.82,264.07,258.34,259.62
2020-05-25,260.95,262.82,259.16,262.76
2020-05-26,263.48,267.31,262.95,267.31
2020-05-27,266.71,269.17,265.86,267.64
2020-05-28,270.17,271.44,264.85,268.29
2020-05-29,266.62,269.61,265.23,268.32
2020-06-01,269.29,273.39,268.93,273.19
2020-06-02,272.65,276.47,272.22,276.08
2020-06-03,279.14,287.49,278.98,285.91
2020-06-04,291.17,292.9,284.93,286.45
2020-06-05,286.3,291.5,284.5,290.62
2020-06-08,295.41,295.68,289.71,290.77
2020-06-09,293.96,294.87,287.83,291.32
2020-06-10,291.03,292.92,289.6,291.9
2020-06-11,289.98,292.08,284.29,288.62
2020-06-12,276.97,282.54,276.05,281.78
2020-06-15,278.61,280.87,267.95,267.95
2020-06-16,275.89,282.59,274.0,282.59
2020-06-17,282.08,284.9,278.33,283.02
2020-06-18,281.74,283.39,280.02,281.91
2020-06-19,284.56,284.7,278.53,283.37
2020-06-22,281.01,283.71,280.34,281.42
2020-06-23,284.64,286.04,279.26,281.94
2020-06-24,283.71,288.3,283.3,286.7
2020-06-25,282.38,284.36,279.73,279.73
2020-06-26,283.36,284.58,280.65,283.38
2020-06-29,279.36,281.77,277.06,278.04
2020-06-30,282.55,283.98,280.09,280.09
2020-07-01,283.1,283.84,279.44,280.26
2020-07-02,281.3,283.89,280.71,283.86
2020-07-03,285.59,286.09,283.36,285.89
2020-07-06,286.84,291.14,286.31,290.62
2020-07-07,292.74,292.98,286.76,286.77
2020-07-08,287.2,288.41,285.18,285.97
2020-07-09,287.8,289.41,287.08,287.25
2020-07-10,287.87,288.09,283.51,285.06
2020-07-13,287.92,290.49,286.86,289.84
2020-07-14,288.42,289.63,286.89,289.63
2020-07-15,292.94,294.42,290.89,292.27
2020-07-16,292.34,292.74,288.46,289.25
2020-07-17,289.9,292.1,289.9,291.57
2020-07-20,292.76,292.76,289.01,290.81
2020-07-21,294.03,296.11,293.2,295.16
2020-07-22,294.71,296.14,293.39,294.04
2020-07-23,293.62,293.62,290.49,292.37
2020-07-24,289.84,292.74,289.42,290.66
2020-07-27,291.03,295.26,290.82,293.51
2020-07-28,296.53,301.34,296.38,300.13
2020-07-29,300.57,303.51,299.61,301.25
2020-07-30,303.13,304.13,301.49,301.85
2020-07-31,303.69,304.16,298.89,299.32
2020-08-03,299.57,300.33,297.57,299.46
2020-08-04,302.5,304.27,301.48,303.04
2020-08-05,303.94,306.67,302.91,306.64
2020-08-06,307.88,312.84,307.88,311.32
2020-08-07,311.99,314.11,310.0,312.57
2020-08-10,312.75,317.84,312.08,316.77
2020-08-11,317.63,322.64,317.56,321.02
2020-08-12,320.31,322.68,317.3,322.68
2020-08-13,325.84,326.22,319.66,323.33
2020-08-14,321.59,322.66,316.28,319.24
2020-08-18,319.57,321.69,311.2,312.84
2020-08-19,315.96,316.82,313.18,313.54
2020-08-20,310.45,312.77,301.15,301.59
2020-08-21,306.17,309.88,303.15,306.16
2020-08-24,306.86,310.27,303.39,309.33
2020-08-25,312.45,314.14,310.57,313.59
2020-08-26,313.61,315.08,309.74,314.19
2020-08-27,314.46,315.17,311.37,311.38
2020-08-28,313.86,315.95,311.06,312.24
2020-08-31,315.46,316.11,307.12,307.14
2020-09-01,309.08,311.15,307.63,309.81
2020-09-02,311.69,312.92,308.52,311.5
2020-09-03,314.73,317.46,314.45,316.43
2020-09-04,308.25,312.64,308.04,312.03
2020-09-07,312.08,314.44,310.93,313.67
2020-09-08,316.31,317.43,314.56,317.38
2020-09-09,313.54,315.9,312.9,313.77
2020-09-10,317.92,318.38,315.46,316.53
2020-09-11,315.64,316.77,313.2,316.45
2020-09-14,319.83,321.22,318.54,320.98
2020-09-15,321.82,323.57,320.54,323.36
2020-09-16,323.14,324.19,321.52,322.31
2020-09-17,321.3,322.23,316.92,318.0
2020-09-18,319.2,319.81,316.62,318.39
2020-09-21,318.13,320.86,314.78,315.89
2020-09-22,315.53,316.02,307.4,308.82
2020-09-23,311.5,311.76,303.29,309.64
2020-09-24,304.85,306.98,301.95,302.48
2020-09-25,305.38,305.55,301.93,303.57
2020-09-28,306.49,308.34,304.64,307.03
2020-09-29,310.01,311.34,308.52,309.44
2020-10-05,309.65,314.66,309.09,313.51
2020-10-06,315.13,316.48,313.03,314.45
2020-10-07,312.34,317.44,311.82,317.35
2020-10-08,320.31,320.38,316.6,317.47
2020-10-12,318.99,320.01,317.67,319.15
2020-10-13,321.04,321.45,316.98,319.58
2020-10-14,319.6,319.88,315.71,316.57
2020-10-15,315.76,315.89,312.4,313.92
2020-10-16,314.41,315.47,309.67,311.83
2020-10-19,313.43,314.94,312.19,312.59
2020-10-20,311.02,314.91,309.95,314.71
2020-10-21,315.34,316.61,314.16,315.76
2020-10-22,313.62,314.29,311.55,313.77
2020-10-23,314.98,315.83,312.31,314.79
2020-10-26,315.63,316.78,313.33,313.53
2020-10-27,311.5,313.93,310.55,311.8
2020-10-28,310.66,313.3,309.44,313.17
2020-10-29,308.99,310.56,306.63,309.94
2020-10-30,308.91,309.08,301.58,301.6
2020-11-02,302.67,306.43,301.37,305.95
2020-11-03,308.14,312.35,308.01,312.07
2020-11-04,314.31,315.62,311.37,313.83
2020-11-05,315.74,321.51,315.27,321.51
2020-11-06,322.72,324.28,320.61,322.1
2020-11-09,325.25,328.02,324.51,325.83
2020-11-10,326.33,327.0,323.79,326.13
2020-11-11,327.04,331.46,327.01,331.12
2020-11-12,330.57,331.58,328.46,329.72
2020-11-13,329.09,333.15,328.25,333.03
2020-11-16,335.2,341.15,335.2,340.63
2020-11-17,340.84,342.57,339.06,339.85
2020-11-18,341.07,341.81,338.64,339.96
2020-11-19,338.56,340.42,337.51,340.16
2020-11-20,339.48,341.71,338.59,340.62
2020-11-23,341.51,348.94,340.6,348.46
2020-11-24,350.3,352.55,348.61,350.28
2020-11-25,353.05,353.96,346.17,348.3
2020-11-26,348.66,352.12,346.77,352.12
2020-11-27,351.83,353.19,350.63,352.73
2020-11-30,354.7,354.78,346.05,346.05
2020-12-01,349.37,353.26,349.07,352.4
2020-12-02,354.33,359.15,354.0,358.66
2020-12-03,360.36,361.66,358.45,361.66
2020-12-04,363.28,369.67,363.23,367.63
2020-12-07,368.59,371.51,365.32,369.86
2020-12-08,369.73,370.11,363.41,363.45
2020-12-09,363.77,371.64,363.77,371.47
2020-12-10,370.74,372.68,365.76,369.37
2020-12-11,370.45,374.3,370.39,372.24
2020-12-14,372.14,374.72,370.5,371.56
2020-12-15,371.75,372.64,367.7,370.88
2020-12-16,371.86,374.53,371.03,372.53
2020-12-17,372.12,372.6,368.07,372.0
2020-12-18,372.02,373.37,370.5,371.55
2020-12-21,371.51,372.44,368.05,372.18
2020-12-22,371.08,371.91,366.43,366.43
2020-12-23,367.02,371.93,364.72,371.32
2020-12-24,371.67,380.29,371.67,379.18
2020-12-28,381.51,383.84,378.44,379.93
2020-12-29,380.34,382.31,377.04,381.27
2020-12-30,381.21,390.04,379.14,389.29
2021-01-04,389.5,400.78,388.88,399.88
2021-01-05,399.79,406.03,396.43,406.03
2021-01-06,406.33,411.21,401.06,402.08
2021-01-07,404.0,414.65,403.99,410.81
2021-01-08,412.06,431.99,412.06,430.22
2021-01-11,431.69,449.04,424.16,431.13
2021-01-12,430.8,432.04,416.29,427.87
2021-01-13,427.98,433.27,424.97,430.38
2021-01-14,430.43,431.54,427.13,429.85
2021-01-15,430.37,436.35,420.33,420.43
2021-01-18,419.7,419.7,408.69,410.5
2021-01-19,410.21,423.82,409.67,421.35
2021-01-20,425.17,429.39,419.27,424.01
2021-01-21,425.29,431.05,424.64,430.27
2021-01-22,430.73,433.84,427.13,427.13
2021-01-25,427.64,437.96,427.17,437.3
2021-01-26,436.27,437.19,425.64,426.73
2021-01-27,427.11,432.62,423.23,423.67
2021-01-28,422.92,422.92,413.34,416.4
2021-01-29,417.92,421.05,402.94,404.56
2021-02-01,404.71,415.53,400.59,415.45
2021-02-02,416.77,427.63,416.77,421.03
2021-02-03,422.69,427.51,419.75,425.21
2021-02-04,425.92,426.23,415.58,418.31
2021-02-05,419.84,424.2,417.85,423.3
2021-02-08,422.3,424.62,418.37,418.95
2021-02-09,420.71,424.94,417.87,417.91
2021-02-10,418.4,421.48,414.77,419.65
2021-02-15,420.85,428.64,420.6,427.01
2021-02-16,427.8,432.25,426.73,429.24
2021-02-17,429.2,429.24,421.77,424.2
2021-02-18,423.92,425.38,417.44,417.44
2021-02-19,417.98,421.36,411.58,420.94
2021-02-22,421.96,425.9,416.8,416.88
2021-02-23,415.07,419.58,410.84,415.82
2021-02-24,415.78,420.05,406.86,407.16
2021-02-25,412.05,422.56,412.05,422.52
2021-02-26,421.19,421.19,406.59,409.91
2021-03-02,411.0,422.41,411.0,414.8
2021-03-03,414.45,420.27,412.4,420.27
2021-03-04,419.34,419.34,411.28,414.17
2021-03-05,413.32,413.78,405.93,412.0
2021-03-08,412.86,416.37,407.6,408.34
2021-03-09,407.33,408.83,399.37,405.79
2021-03-10,406.37,411.22,402.37,403.48
2021-03-11,404.36,413.24,404.36,411.02
2021-03-12,413.67,417.76,413.67,416.13
2021-03-15,416.58,417.69,413.61,414.18
2021-03-16,414.82,418.06,414.11,417.31
2021-03-17,417.35,417.67,411.32,414.01
2021-03-18,414.97,420.86,414.97,417.06
2021-03-19,416.7,416.71,410.59,412.91
2021-03-22,412.92,414.48,410.27,412.64
2021-03-23,412.89,416.15,408.4,408.71
2021-03-24,407.32,408.76,404.03,407.1
2021-03-25,407.03,411.27,405.59,408.53
2021-03-26,409.16,413.04,409.13,412.89
2021-03-29,413.9,414.72,410.45,412.05
2021-03-30,412.32,417.44,412.32,416.61
2021-03-31,417.12,420.18,415.04,415.04
2021-04-01,416.99,419.78,416.51,419.42
2021-04-02,422.19,425.13,422.02,423.74
2021-04-05,425.15,426.31,422.16,424.85
2021-04-06,425.18,427.68,423.35,425.88
2021-04-07,426.22,428.38,424.96,426.7
2021-04-08,426.73,427.32,424.36,426.86
2021-04-09,427.26,428.65,423.33,424.3
2021-04-12,424.73,426.62,423.1,424.22
2021-04-13,424.4,429.84,423.89,429.08
2021-04-14,429.14,431.65,428.04,430.71
2021-04-15,430.41,434.4,430.39,432.66
2021-04-16,432.43,434.57,430.98,432.43
2021-04-19,432.74,434.28,431.16,431.96
2021-04-20,431.9,434.7,431.38,434.6
2021-04-21,433.4,433.47,425.93,426.75
2021-04-22,427.06,430.44,427.06,427.37
2021-04-23,426.68,428.87,422.92,428.34
2021-04-26,428.89,432.36,428.68,432.36
2021-04-27,432.46,433.43,430.36,432.14
2021-04-28,432.2,432.82,426.88,427.48
2021-04-29,428.07,430.14,424.83,426.28
2021-04-30,426.61,426.83,421.73,422.36
2021-05-03,422.54,426.3,419.3,420.36
2021-05-04,420.99,423.57,418.53,423.57
2021-05-06,423.62,426.64,421.25,426.64
2021-05-07,426.51,429.94,426.0,428.56
2021-05-10,429.04,436.73,429.04,435.63
2021-05-11,434.14,434.14,427.21,428.77
2021-05-12,428.74,428.96,419.11,421.86
2021-05-13,419.6,421.07,414.28,416.07
2021-05-14,417.5,421.75,417.5,420.17
2021-05-17,421.97,423.19,416.08,418.27
2021-05-18,418.28,423.93,418.28,423.09
2021-05-20,423.38,423.38,419.07,421.68
2021-05-21,423.12,427.75,420.7,422.08
2021-05-24,421.92,423.09,419.38,420.57
2021-05-25,421.91,424.83,421.2,424.35
2021-05-26,424.46,426.05,422.55,423.54
2021-05-27,423.92,424.38,419.78,423.0
2021-05-28,423.88,427.51,423.58,425.95
2021-05-31,426.31,428.18,424.29,427.91
2021-06-01,428.08,432.18,426.94,430.32
2021-06-02,430.6,433.06,429.14,430.15
2021-06-03,430.2,435.6,430.2,433.87
2021-06-04,433.7,433.7,429.33,432.22
2021-06-07,432.82,435.77,430.76,433.26
2021-06-08,433.21,435.02,431.71,432.88
2021-06-09,432.35,432.53,428.16,428.16
2021-06-10,428.23,430.87,427.5,429.35
2021-06-11,429.61,433.42,429.61,432.78
2021-06-14,432.7,433.59,431.28,433.22
2021-06-15,433.41,434.99,432.48,434.13
2021-06-16,434.19,437.47,433.88,436.96
2021-06-17,436.61,436.63,432.78,434.73
2021-06-18,434.82,436.69,434.39,435.02
2021-06-21,434.57,434.57,429.52,431.46
2021-06-22,432.1,435.05,432.1,434.42
2021-06-23,434.65,437.37,434.62,436.73
2021-06-24,437.54,439.37,436.96,438.38
2021-06-25,438.76,442.31,438.75,440.4
2021-06-28,440.78,441.54,438.55,439.98
2021-06-29,440.48,440.6,436.17,437.54
2021-06-30,437.76,440.4,437.7,438.84
2021-07-01,439.01,439.26,435.8,436.34
2021-07-02,436.31,438.07,435.54,436.0
2021-07-05,436.53,438.92,436.53,437.66
2021-07-06,437.96,440.68,437.96,439.5
2021-07-07,439.29,439.29,435.78,436.97
2021-07-08,437.2,438.56,432.6,432.63
2021-07-09,431.64,431.65,424.26,427.84
2021-07-12,429.33,432.02,429.3,431.28
2021-07-13,432.39,435.21,432.36,434.71
2021-07-14,434.47,434.57,431.75,433.57
2021-07-15,434.24,436.85,433.12,436.76
2021-07-16,436.24,436.24,432.85,434.82
2021-07-19,432.25,432.25,428.94,429.89
2021-07-20,427.14,428.78,425.99,428.55
2021-07-21,430.99,431.29,425.82,426.0
2021-07-22,428.75,431.93,428.65,431.38
2021-07-23,431.75,433.23,430.27,431.55
2021-07-26,433.14,433.28,427.46,427.47
2021-07-27,430.14,431.15,427.89,428.22
2021-07-28,427.3,429.71,425.34,429.15
2021-07-29,430.58,431.19,428.18,429.49
2021-07-30,428.12,428.21,423.91,423.91
2021-08-02,426.29,426.85,422.86,426.79
2021-08-03,426.65,429.98,426.42,429.98
2021-08-04,431.6,436.71,430.16,436.05
2021-08-05,436.46,437.85,434.24,434.74
2021-08-06,434.85,436.61,432.27,433.29
2021-08-09,431.57,433.16,430.05,431.65
2021-08-10,433.01,433.11,427.28,428.56
2021-08-11,427.16,428.88,424.3,424.74
2021-08-12,423.17,425.53,421.42,422.38
2021-08-13,421.38,422.04,413.64,416.06
2021-08-17,415.5,417.23,410.31,411.31
2021-08-18,410.92,415.38,408.46,413.36
2021-08-19,410.84,412.93,404.91,404.96
2021-08-20,406.64,408.35,399.18,400.78
2021-08-23,404.32,407.82,401.63,404.58
2021-08-24,408.47,412.94,408.26,412.48
2021-08-25,414.01,416.03,410.63,413.95
2021-08-26,414.49,415.74,409.79,410.38
2021-08-27,408.63,411.79,406.81,410.24
2021-08-30,414.15,414.85,410.04,411.5
2021-08-31,411.69,419.9,409.67,419.79
2021-09-01,419.17,421.31,417.16,419.92
2021-09-02,419.19,420.2,414.99,415.89
2021-09-03,417.67,419.78,416.4,419.22
2021-09-06,418.99,420.74,417.85,420.37
2021-09-07,419.85,419.88,416.28,417.8
2021-09-08,416.35,417.62,413.34,414.54
2021-09-09,411.98,413.64,406.68,407.28
2021-09-10,407.99,409.78,405.99,408.7
2021-09-13,407.33,410.87,406.43,409.7
2021-09-14,411.06,414.85,410.98,412.36
2021-09-15,412.05,414.61,410.75,412.85
2021-09-16,414.22,414.68,408.79,409.22
2021-09-17,408.9,411.36,407.07,410.99
2021-09-23,409.04,410.92,407.39,410.46
2021-09-24,412.01,412.8,409.09,409.84
2021-09-27,409.28,412.72,408.97,410.97
2021-09-28,410.74,411.1,405.79,406.2
2021-09-29,400.44,402.28,396.78,400.09
2021-09-30,399.41,402.9,397.98,401.3
2021-10-01,399.53,400.52,394.14,394.79
2021-10-05,391.95,392.02,384.92,388.01
2021-10-06,391.01,392.37,381.93,381.93
2021-10-07,385.87,388.78,384.59,388.14
2021-10-08,390.42,390.7,386.54,387.42
2021-10-12,386.27,386.6,379.08,380.69
2021-10-13,380.12,385.72,379.31,384.1
2021-10-14,387.39,389.63,386.48,389.59
2021-10-15,392.94,394.58,391.36,393.19
2021-10-18,393.39,394.16,389.74,392.02
2021-10-19,394.26,395.92,393.27,395.41
2021-10-20,397.48,398.09,393.6,393.74
2021-10-21,393.56,395.51,392.38,393.18
2021-10-22,392.82,394.91,391.54,393.34
2021-10-25,392.45,395.99,390.02,395.01
2021-10-26,397.75,399.67,396.28,399.07
2021-10-27,398.31,398.82,394.41,395.48
2021-10-28,394.87,397.79,393.89,393.89
2021-10-29,396.08,396.92,387.82,388.47
2021-11-01,390.34,391.65,389.14,389.81
2021-11-02,392.18,398.1,392.18,394.82
2021-11-03,395.73,395.85,388.52,389.48
2021-11-04,393.16,395.15,390.75,391.54
2021-11-05,394.65,394.81,387.66,389.86
2021-11-08,390.1,390.71,385.5,389.59
2021-11-09,389.17,393.13,388.25,390.36
2021-11-10,388.37,390.36,385.57,386.24
2021-11-11,383.84,386.03,382.57,385.97
2021-11-12,389.13,391.77,387.46,390.38
2021-11-15,393.36,395.56,392.16,394.36
2021-11-16,393.94,396.49,392.62,394.07
2021-11-17,394.88,395.25,388.7,389.44
2021-11-18,388.86,390.0,386.31,387.44
2021-11-19,387.97,391.24,387.31,390.53
2021-11-22,393.16,399.88,392.75,399.07
2021-11-23,399.43,399.52,395.58,396.44
2021-11-24,397.88,399.38,393.27,395.4
2021-11-25,395.67,395.73,391.69,391.93
2021-11-26,390.61,392.81,384.19,385.07
2021-11-29,381.25,384.97,379.27,381.63
2021-11-30,385.01,386.34,370.86,373.24
2021-12-01,376.45,384.05,373.61,383.13
2021-12-02,379.76,389.64,379.59,389.64
2021-12-03,388.21,393.3,386.42,391.96
2021-12-06,389.95,394.4,387.58,392.85
2021-12-07,392.88,396.46,391.29,396.31
2021-12-08,399.89,402.34,396.32,397.27
2021-12-09,398.19,401.13,396.93,401.13
2021-12-10,398.21,399.12,396.58,397.97
2021-12-13,399.38,403.37,396.83,397.27
2021-12-14,394.54,397.02,393.5,395.41
2021-12-15,393.99,395.76,392.85,395.66
2021-12-16,398.93,399.68,395.19,397.68
2021-12-17,394.46,399.02,394.26,398.96
2021-12-20,396.42,396.61,390.92,391.37
2021-12-21,394.35,395.28,391.19,393.95
2021-12-22,396.82,398.06,394.77,396.07
2021-12-23,397.98,398.36,395.71,398.15
2021-12-24,399.72,402.46,399.66,400.53
2021-12-27,400.61,401.07,398.31,398.61
2021-12-28,399.56,401.21,397.24,401.21
2021-12-29,398.74,399.16,395.85,396.72
2021-12-30,397.13,398.59,393.89,394.19
2022-01-03,397.16,399.44,394.26,395.51
2022-01-04,396.01,396.71,393.35,395.4
2022-01-05,394.91,395.2,387.56,390.39
2022-01-06,386.59,390.51,385.3,386.22
2022-01-07,388.3,391.75,388.06,390.85
2022-01-10,389.68,390.24,384.79,387.52
2022-01-11,388.32,390.43,386.26,388.97
2022-01-12,392.29,394.87,391.96,394.66
2022-01-13,395.68,395.93,392.52,393.0
2022-01-14,389.66,390.81,386.25,387.45
2022-01-17,387.0,387.33,381.56,383.81
2022-01-18,385.07,385.63,379.79,381.01
2022-01-19,377.75,381.91,376.74,378.21
2022-01-20,377.97,380.45,376.49,380.39
2022-01-21,376.74,377.69,373.35,376.08
2022-01-24,374.64,375.45,369.63,371.3
2022-01-25,370.3,370.73,359.85,362.39
2022-01-26,363.72,365.31,360.47,360.83
2022-01-27,360.83,363.11,348.55,348.58
2022-01-28,350.29,358.84,347.28,357.98
2022-02-03,364.07,366.13,361.6,361.6
2022-02-04,363.1,366.79,361.84,366.34
2022-02-07,365.4,365.4,359.59,362.92
2022-02-08,365.91,367.32,360.78,363.48
2022-02-09,367.02,368.65,365.79,368.65
2022-02-10,371.84,372.86,369.3,371.57
2022-02-11,367.54,371.35,366.9,368.61
2022-02-14,364.36,365.97,360.46,362.98
2022-02-15,364.44,364.79,358.75,360.43
2022-02-16,365.96,367.66,364.64,367.3
2022-02-17,368.11,373.03,365.48,369.55
2022-02-18,365.57,369.32,364.69,368.55
2022-02-21,362.83,368.75,361.14,368.29
2022-02-22,362.93,364.81,360.74,363.51
2022-02-23,366.25,366.58,362.39,364.44
2022-02-24,360.05,360.77,354.01,355.04
2022-02-25,358.79,360.85,357.02,358.44
2022-02-28,356.59,361.54,355.77,361.54
2022-03-02,361.52,362.81,359.89,360.59
2022-03-03,364.37,367.4,363.99,367.06
2022-03-04,365.35,365.54,360.19,361.69
2022-03-07,356.59,356.59,351.91,353.03
2022-03-08,348.12,352.82,346.85,349.38
2022-03-10,354.33,358.27,354.33,358.01
2022-03-11,355.95,356.85,353.26,355.31
2022-03-14,354.72,356.48,352.82,354.61
2022-03-15,352.34,353.9,350.38,351.03
2022-03-16,354.88,356.29,351.97,356.09
2022-03-17,362.39,364.18,361.36,361.46
2022-03-18,361.16,362.78,359.6,362.33
2022-03-21,363.81,363.86,358.41,358.77
2022-03-22,358.76,362.11,358.61,361.66
2022-03-23,364.06,366.4,362.89,364.84
2022-03-24,361.83,363.5,360.4,363.38
2022-03-25,364.76,364.92,361.34,362.06
2022-03-28,360.63,363.25,358.7,362.06
2022-03-29,364.18,365.56,362.27,363.77
2022-03-30,366.15,366.76,363.68,364.5
2022-03-31,364.1,367.01,363.94,365.61
2022-04-01,363.97,364.1,361.54,363.19
2022-04-04,361.85,365.08,360.69,364.94
2022-04-05,366.08,366.67,363.67,364.74
2022-04-06,362.04,362.96,360.52,361.01
2022-04-07,358.43,358.92,355.37,355.73
2022-04-08,356.86,357.62,354.27,356.01
2022-04-11,354.47,357.73,353.78,355.78
2022-04-12,353.51,354.83,351.37,352.32
2022-04-13,353.83,359.43,353.3,359.0
2022-04-14,359.23,359.29,356.17,357.38
2022-04-15,354.35,355.1,352.63,353.84
2022-04-18,352.19,354.87,351.46,353.63
2022-04-19,355.77,358.53,355.29,357.36
2022-04-20,357.14,358.28,354.93,357.52
2022-04-21,358.33,360.74,358.24,359.02
2022-04-22,355.54,356.08,353.64,355.43
2022-04-25,351.36,352.26,348.91,348.98
2022-04-26,351.33,352.2,350.38,350.67
2022-04-27,346.42,346.78,343.76,346.21
2022-04-28,348.61,350.16,346.02,350.16
2022-04-29,350.43,355.34,349.73,355.08
2022-05-02,351.31,354.53,350.94,354.02
2022-05-03,354.28,356.45,353.12,353.32
2022-05-04,354.85,356.05,352.27,353.85
2022-05-06,350.26,350.26,347.98,349.0
2022-05-09,347.71,349.4,344.84,345.41
2022-05-10,343.22,344.73,338.46,343.67
2022-05-11,342.22,344.45,341.22,343.44
2022-05-12,340.14,343.03,337.65,337.94
2022-05-13,340.49,345.82,339.72,345.5
2022-05-16,348.13,348.88,343.52,343.94
2022-05-17,345.14,347.91,345.13,347.53
2022-05-18,349.62,351.2,347.15,348.34
2022-05-19,341.07,344.1,340.55,343.24
2022-05-20,345.15,349.68,344.89,349.29
2022-05-23,351.16,351.41,348.48,350.34
2022-05-24,349.02,349.79,344.08,344.08
2022-05-25,346.34,347.6,343.51,345.6
2022-05-26,345.54,349.03,342.65,344.26
2022-05-27,348.42,349.11,347.15,348.04
2022-05-30,351.53,352.85,350.07,352.49
2022-05-31,351.79,354.72,350.01,354.54
2022-06-02,352.29,352.81,349.55,350.51
2022-06-03,353.47,353.93,351.1,352.01
2022-06-07,350.04,350.53,345.02,345.67
2022-06-08,346.46,348.11,345.56,346.22
2022-06-09,345.35,346.82,343.69,346.62
2022-06-10,342.32,343.25,340.66,341.89
2022-06-13,335.76,335.97,329.88,329.88
2022-06-14,325.68,329.27,323.36,328.23
2022-06-15,327.7,328.3,320.29,322.21
2022-06-16,326.72,328.84,321.54,322.25
2022-06-17,316.36,320.71,314.79,320.09
2022-06-20,321.46,321.62,311.71,314.44
2022-06-21,315.95,318.74,313.66,316.38
2022-06-22,317.47,317.63,308.08,308.08
2022-06-23,308.81,310.94,304.13,305.45
2022-06-24,307.47,313.42,306.27,312.07
2022-06-27,314.31,319.08,311.85,316.2
2022-06-28,316.65,319.11,315.19,319.11
2022-06-29,314.33,315.16,312.52,312.86
2022-06-30,311.2,311.63,307.2,307.2
2022-07-01,308.72,310.55,301.95,304.02
2022-07-04,304.46,305.82,300.82,304.01
2022-07-05,307.15,309.99,305.35,309.03
2022-07-06,307.14,307.9,302.06,302.28
2022-07-07,304.3,310.07,304.2,308.31
2022-07-08,310.73,313.01,310.02,310.15
2022-07-11,311.05,311.86,307.97,308.29
2022-07-12,306.94,307.56,303.32,305.03
2022-07-13,306.24,308.62,304.99,306.59
2022-07-14,304.7,307.93,303.65,305.35
2022-07-15,307.45,308.14,302.1,307.91
2022-07-18,311.06,315.17,310.6,314.87
2022-07-19,313.38,314.06,311.81,313.9
2022-07-20,319.15,319.68,315.48,316.02
2022-07-21,316.22,320.14,316.22,319.68
2022-07-22,319.12,320.94,317.0,317.33
2022-07-25,316.4,320.07,316.2,318.34
2022-07-26,317.39,319.91,317.03,319.61
2022-07-27,319.83,320.04,317.3,319.74
2022-07-28,322.89,323.73,320.76,321.62
2022-07-29,324.38,325.83,321.95,323.31
2022-08-01,322.14,324.31,320.86,322.97
2022-08-02,322.64,322.85,320.21,321.64
2022-08-03,321.48,323.8,320.25,323.8
2022-08-04,326.11,326.4,324.38,325.47
2022-08-05,326.71,328.47,326.36,327.5
2022-08-08,326.05,327.45,325.21,327.23
2022-08-09,327.21,328.62,325.28,328.11
2022-08-10,326.3,326.43,323.86,324.35
2022-08-11,328.2,329.92,327.74,329.92
2022-08-12,329.23,331.12,329.07,330.67
2022-08-16,332.68,333.47,331.08,331.78
2022-08-17,332.11,333.24,329.3,329.91
2022-08-18,327.47,329.94,326.06,328.8
2022-08-19,329.06,329.08,326.34,326.79
2022-08-22,323.29,324.42,321.83,322.77
2022-08-23,320.85,321.5,318.26,318.69
2022-08-24,320.15,320.99,318.16,319.86
2022-08-25,321.58,323.63,320.81,323.63
2022-08-26,325.36,326.59,323.3,323.91
2022-08-29,317.45,317.47,315.48,316.35
2022-08-30,317.97,320.0,316.94,319.49
2022-08-31,316.96,323.37,316.26,322.96
2022-09-01,318.74,318.76,315.02,315.02
2022-09-02,316.46,316.74,312.18,312.92
2022-09-05,313.09,315.22,310.91,312.47
2022-09-06,313.36,314.97,311.69,313.01
2022-09-07,310.86,311.1,306.69,308.16
2022-09-08,310.23,310.51,308.26,309.12
2022-09-13,313.93,319.37,313.93,318.56
2022-09-14,310.08,313.94,309.06,312.74
2022-09-15,313.15,313.84,310.63,310.63
2022-09-16,308.58,309.54,307.03,308.69
2022-09-19,309.58,309.89,305.68,306.49
2022-09-20,308.76,309.98,306.79,307.54
2022-09-21,305.09,306.07,303.77,304.67
2022-09-22,300.67,302.19,299.3,301.65
2022-09-23,301.48,302.09,296.85,297.74
2022-09-26,293.65,293.96,289.01,289.77
2022-09-27,290.27,290.75,286.76,290.2
2022-09-28,287.66,289.75,280.8,283.19
2022-09-29,286.6,287.81,282.56,282.65
2022-09-30,281.75,284.35,278.39,281.36
2022-10-04,286.25,288.96,285.42,288.27
2022-10-05,293.87,294.47,287.44,289.05
2022-10-06,291.2,293.32,290.09,291.26
2022-10-07,288.35,292.2,287.84,290.41
2022-10-11,284.39,284.96,282.04,284.96
2022-10-12,285.23,287.52,284.32,287.09
2022-10-13,286.27,286.36,282.57,282.57
2022-10-14,287.59,290.32,286.59,289.36
2022-10-17,285.89,290.04,284.91,289.57
2022-10-18,293.34,293.78,289.77,293.59
2022-10-19,293.41,295.34,290.9,291.29
2022-10-20,289.33,290.07,286.5,288.61
2022-10-21,287.68,290.38,287.44,288.57
2022-10-24,293.6,294.24,290.52,291.47
2022-10-25,291.29,293.75,290.53,291.58
2022-10-26,292.21,295.28,291.4,293.85
2022-10-27,295.85,299.19,295.01,298.82
2022-10-28,296.8,298.45,294.65,295.06
2022-10-31,298.61,300.05,296.45,299.58
2022-11-01,300.53,304.01,299.84,303.88
2022-11-02,302.49,305.1,302.02,303.87
2022-11-03,298.55,303.8,297.62,301.66
2022-11-04,301.16,304.33,299.46,304.33
2022-11-07,306.08,308.15,305.05,307.87
2022-11-08,310.08,312.57,309.21,312.01
2022-11-09,313.4,316.09,312.54,315.23
2022-11-10,312.63,314.91,311.13,311.13
2022-11-11,320.47,323.51,319.97,323.09
2022-11-14,323.41,324.73,320.86,321.53
2022-11-15,322.76,323.03,319.96,322.31
2022-11-16,322.98,322.98,318.02,321.96
2022-11-17,319.98,320.35,316.75,316.75
2022-11-18,317.63,320.7,316.7,317.12
2022-11-21,317.22,317.65,312.99,314.67
2022-11-22,312.88,315.09,311.69,312.02
2022-11-23,314.84,315.24,312.65,314.11
2022-11-24,316.6,317.33,315.27,317.3
2022-11-25,317.28,318.1,315.76,316.07
2022-11-28,313.89,313.89,311.28,312.21
2022-11-29,311.79,315.74,311.07,315.58
2022-11-30,314.35,321.01,314.2,321.0
2022-12-01,325.37,325.49,321.44,322.02
2022-12-02,320.76,320.76,315.02,315.02
2022-12-05,316.26,317.07,312.92,313.91
2022-12-06,310.9,313.34,309.7,310.14
2022-12-07,309.11,310.25,308.08,308.27
2022-12-08,308.78,309.0,306.01,308.24
2022-12-09,309.81,312.06,308.76,311.63
2022-12-12,309.38,310.69,308.7,309.64
2022-12-13,311.26,311.85,308.54,309.56
2022-12-14,310.87,313.41,310.57,313.23
2022-12-15,310.73,311.98,307.73,307.73
2022-12-16,303.48,307.48,303.09,307.48
2022-12-19,306.33,307.99,305.19,306.77
2022-12-20,305.65,306.58,302.96,304.05
2022-12-21,305.84,305.99,302.92,303.23
2022-12-22,304.66,307.48,303.96,307.48
2022-12-23,303.14,304.42,301.47,302.07
2022-12-26,301.76,302.97,300.66,302.27
2022-12-27,303.77,305.02,302.83,304.22
2022-12-28,299.36,299.36,296.59,297.09
2022-12-29,294.98,295.94,291.1,291.1
2023-01-02,292.9,294.02,289.19,289.79
2023-01-03,290.64,290.95,284.32,289.58
2023-01-04,288.34,296.7,287.94,295.98
2023-01-05,297.65,299.69,296.01,297.87
2023-01-06,296.69,303.1,296.4,301.53
2023-01-09,305.1,309.81,304.57,309.69
2023-01-10,308.69,312.0,308.24,309.57
2023-01-11,311.66,312.57,309.1,310.38
2023-01-12,312.71,312.96,309.7,310.7
2023-01-13,312.34,315.44,311.96,313.77
2023-01-16,314.41,317.63,314.16,316.04
2023-01-17,316.22,316.56,312.92,313.75
2023-01-18,313.62,314.14,310.11,311.91
2023-01-19,310.08,313.81,310.04,313.81
2023-01-20,313.99,315.76,312.59,315.58
2023-01-25,320.81,321.48,319.75,320.76
2023-01-26,321.82,325.57,320.49,325.57
2023-01-27,326.22,329.71,324.98,327.98
2023-01-30,328.09,328.97,322.35,322.67
2023-01-31,322.71,323.26,317.09,317.26
2023-02-01,320.54,321.64,318.61,321.19
2023-02-02,325.94,326.73,321.97,323.93
2023-02-03,323.58,326.49,322.39,325.86
2023-02-06,322.9,323.71,318.82,318.83
2023-02-07,319.36,321.45,318.2,320.55
2023-02-08,323.27,326.43,322.81,325.63
2023-02-09,323.71,325.8,322.83,324.9
2023-02-10,323.3,324.18,321.62,323.69
2023-02-13,322.66,323.04,319.78,321.75
2023-02-14,324.5,325.8,322.83,323.47
2023-02-15,324.43,324.54,317.41,317.99
2023-02-16,320.0,324.35,319.63,324.1
2023-02-17,320.15,323.67,320.01,320.78
2023-02-20,321.07,322.97,318.15,321.79
2023-02-21,322.16,322.88,320.02,321.56
2023-02-22,317.94,318.74,315.83,315.94
2023-02-23,317.77,321.13,317.09,319.44
2023-02-24,319.89,321.27,316.8,316.94
2023-02-27,314.29,314.43,311.63,313.94
2023-02-28,315.75,317.69,314.13,314.8
2023-03-02,315.3,318.88,314.4,316.26
2023-03-03,317.69,318.3,315.3,316.36
2023-03-06,319.22,321.29,317.87,320.94
2023-03-07,320.04,321.92,319.64,319.8
2023-03-08,316.14,316.88,314.77,315.38
2023-03-09,316.57,317.19,313.59,314.04
2023-03-10,310.15,311.55,309.12,310.65
2023-03-13,311.77,313.69,308.03,313.21
2023-03-14,310.18,310.35,305.45,305.58
2023-03-15,309.75,311.42,307.81,309.1
2023-03-16,305.87,309.27,304.63,308.39
2023-03-17,312.2,312.68,309.8,312.07
2023-03-20,311.59,313.44,309.39,309.49
2023-03-21,311.86,312.05,309.64,310.36
2023-03-22,313.33,314.26,311.94,314.11
2023-03-23,311.51,315.75,311.41,315.75
2023-03-24,315.17,315.86,312.49,314.3
2023-03-27,314.83,314.84,311.24,312.85
2023-03-28,314.15,316.36,313.49,316.36
2023-03-29,315.68,317.03,314.94,317.01
2023-03-30,318.51,319.48,316.78,318.05
2023-03-31,319.6,322.54,319.17,322.03
2023-04-03,323.18,323.21,319.73,320.38
2023-04-04,320.97,322.85,320.24,321.75
2023-04-05,322.04,323.96,321.35,323.56
2023-04-06,322.37,322.4,317.78,317.82
2023-04-07,321.29,323.89,320.53,323.36
2023-04-10,323.27,327.89,323.07,326.38
2023-04-11,328.0,331.58,326.87,330.87
2023-04-12,330.88,332.8,329.77,332.09
2023-04-13,330.06,333.09,329.63,333.09
2023-04-14,335.42,335.77,332.49,333.68
2023-04-17,333.62,334.3,332.18,333.92
2023-04-18,334.93,334.97,331.35,333.5
2023-04-19,333.34,334.96,332.96,333.77
2023-04-20,332.42,333.65,331.18,332.66
2023-04-21,332.08,332.49,329.56,330.94
2023-04-24,329.99,330.35,328.06,328.7
2023-04-25,329.7,329.88,322.47,324.48
2023-04-26,324.57,325.61,323.3,323.97
2023-04-27,323.78,325.74,321.18,325.09
2023-04-28,327.35,328.56,324.77,326.46
2023-05-02,326.99,329.49,326.74,329.09
2023-05-03,326.99,327.93,325.83,326.52
2023-05-04,325.75,326.33,324.26,326.17
2023-05-08,329.01,330.05,328.2,328.9
2023-05-09,328.68,328.92,326.81,328.22
2023-05-10,327.73,327.9,324.94,326.04
2023-05-11,327.18,328.43,325.28,325.28
2023-05-12,324.83,325.24,322.97,323.61
2023-05-15,322.99,324.56,321.61,324.46
2023-05-16,327.01,327.72,324.6,325.31
2023-05-17,325.61,327.54,324.82,326.61
2023-05-18,329.07,329.87,327.68,329.84
2023-05-19,332.67,334.27,332.0,334.23
2023-05-22,334.5,337.66,333.43,336.27
2023-05-23,337.32,338.54,336.37,337.09
2023-05-24,335.36,337.32,335.09,336.49
2023-05-25,337.72,338.2,334.98,335.35
2023-05-26,336.87,338.06,335.89,337.11
2023-05-30,340.53,341.74,339.73,341.5
2023-05-31,341.55,342.51,339.04,339.12
2023-06-01,338.36,339.61,337.29,338.08
2023-06-02,340.57,342.68,340.12,342.67
2023-06-05,344.89,344.95,343.04,343.91
2023-06-07,344.76,345.63,343.03,343.22
2023-06-08,342.16,342.75,340.48,342.75
2023-06-09,344.28,347.42,343.34,346.79
2023-06-12,347.54,348.18,343.7,344.57
2023-06-13,346.92,347.46,345.38,346.39
2023-06-14,346.49,346.88,343.69,344.65
2023-06-15,345.93,346.58,342.72,343.19
2023-06-16,345.09,345.35,343.13,345.17
2023-06-19,344.36,344.55,341.98,343.13
2023-06-20,341.98,343.02,341.15,342.58
2023-06-21,341.48,342.03,338.98,339.44
2023-06-22,338.52,341.56,338.46,341.12
2023-06-23,341.95,342.21,338.21,338.45
2023-06-26,338.38,340.78,337.62,340.38
2023-06-27,340.42,340.45,338.65,340.32
2023-06-28,341.38,341.6,337.6,338.41
2023-06-29,338.46,340.34,336.39,336.39
2023-06-30,337.56,338.98,335.04,337.95
2023-07-03,340.26,343.5,340.07,343.08
2023-07-04,343.54,343.88,341.42,341.59
2023-07-05,341.47,342.82,338.93,339.04
2023-07-06,338.19,338.88,335.55,336.2
2023-07-07,334.79,334.79,330.33,331.57
2023-07-10,331.82,333.6,330.39,330.84
2023-07-11,333.47,337.02,332.91,337.02
2023-07-12,336.82,339.46,336.15,339.46
2023-07-13,341.6,343.01,341.1,341.13
2023-07-14,343.49,346.93,342.9,346.93
2023-07-17,345.38,346.98,344.74,345.75
2023-07-18,346.49,346.98,342.9,343.38
2023-07-19,345.61,345.69,341.78,343.11
2023-07-20,341.37,343.29,340.62,341.67
2023-07-21,339.19,342.39,337.45,342.39
2023-07-24,341.98,345.87,340.67,344.32
2023-07-25,345.78,346.27,342.93,344.92
2023-07-26,345.18,345.42,339.53,340.56
2023-07-27,341.64,345.5,340.58,344.76
2023-07-28,343.55,344.34,341.31,344.03
2023-07-31,346.5,347.18,344.72,345.62
2023-08-01,347.35,351.23,346.56,351.0
2023-08-02,349.1,349.74,343.25,343.8
2023-08-03,344.8,345.05,340.1,341.54
2023-08-04,341.6,342.72,340.62,341.25
2023-08-07,339.6,343.18,339.46,339.68
2023-08-08,342.12,342.62,337.25,337.95
2023-08-09,339.0,342.38,338.45,341.61
2023-08-10,339.69,340.46,339.09,340.46
2023-08-11,341.88,343.03,338.8,338.98
2023-08-14,338.58,339.52,335.28,336.33
2023-08-16,333.69,334.17,330.54,331.28
2023-08-17,329.63,330.43,325.74,330.23
2023-08-18,326.9,330.65,326.24,328.42
2023-08-21,329.45,331.09,328.3,328.84
2023-08-22,331.65,332.53,328.69,329.7
2023-08-23,328.95,330.22,327.87,329.15
2023-08-24,333.14,334.04,332.14,333.82
2023-08-25,329.31,331.4,328.66,330.25
2023-08-28,332.1,332.67,330.87,332.53
2023-08-29,333.57,334.46,332.7,333.76
2023-08-30,337.11,337.69,334.94,334.94
2023-08-31,335.38,336.06,333.39,334.75
2023-09-01,334.11,338.95,334.07,338.28
2023-09-04,339.1,341.02,337.6,341.02
2023-09-05,340.15,341.45,339.25,340.29
2023-09-06,339.66,340.48,337.36,337.85
2023-09-07,336.93,338.02,335.08,336.74
2023-09-08,336.29,336.66,333.92,336.4
2023-09-11,336.52,337.62,335.33,337.58
2023-09-12,338.51,338.81,335.28,335.54
2023-09-13,335.83,337.61,334.67,335.99
2023-09-14,337.34,341.19,336.64,341.19
2023-09-15,341.56,346.29,341.02,344.98
2023-09-18,342.98,344.39,340.51,340.67
2023-09-19,341.5,342.18,338.21,338.82
2023-09-20,338.54,339.87,337.57,338.75
2023-09-21,336.73,337.54,333.01,333.04
2023-09-22,329.9,332.59,329.11,332.02
2023-09-25,331.4,332.65,330.1,331.58
2023-09-26,331.51,331.56,326.63,326.9
2023-09-27,325.05,327.5,324.73,326.71
2023-10-04,322.61,322.61,318.88,319.45
2023-10-05,321.46,321.71,318.46,318.58
2023-10-06,319.27,320.67,318.44,318.94
2023-10-10,322.97,324.85,319.06,319.11
2023-10-11,323.96,327.26,323.95,324.74
2023-10-12,326.89,328.85,326.89,328.85
2023-10-13,326.11,327.33,325.43,325.77
2023-10-16,324.1,326.0,321.32,323.29
2023-10-17,325.7,328.26,325.01,327.35
2023-10-18,326.32,329.06,326.12,328.82
2023-10-19,324.75,325.08,322.4,322.76
2023-10-20,319.45,320.18,316.28,317.96
2023-10-23,317.43,318.3,315.09,315.5
2023-10-24,317.34,318.63,311.77,318.43
2023-10-25,319.26,319.59,316.3,316.49
2023-10-26,311.36,312.37,307.75,307.75
2023-10-27,309.68,310.43,307.24,308.53
2023-10-30,307.01,310.12,306.89,308.95
2023-10-31,310.49,311.58,305.14,305.56
2023-11-01,307.55,310.41,307.33,309.71
2023-11-02,314.59,316.51,314.12,315.16
2023-11-03,317.96,318.76,316.5,318.24
2023-11-06,322.62,334.16,321.57,334.16
2023-11-07,330.7,330.7,323.89,327.29
2023-11-08,329.44,330.42,323.36,324.0
2023-11-09,324.38,326.89,323.32,325.29
2023-11-10,322.78,324.18,321.26,323.75
2023-11-13,326.78,327.63,322.64,323.31
2023-11-14,326.12,327.8,325.8,326.57
2023-11-15,333.15,333.97,330.99,333.96
2023-11-16,333.52,334.9,332.16,334.31
2023-11-17,332.91,333.71,331.16,332.06
2023-11-20,331.3,335.56,331.05,334.23
2023-11-21,336.12,337.75,335.64,336.57
2023-11-22,334.08,337.56,333.46,336.81
2023-11-23,337.46,338.02,335.79,336.91
2023-11-24,337.26,337.88,334.0,334.0
2023-11-27,334.42,336.04,332.58,333.67
2023-11-28,335.15,337.65,334.49,337.52
2023-11-29,336.64,337.1,334.34,336.62
2023-11-30,335.61,338.43,334.9,338.43
2023-12-01,336.71,336.73,334.41,334.8
2023-12-04,337.2,337.76,335.63,336.14
2023-12-05,335.21,335.27,332.61,332.85
2023-12-06,334.3,335.47,333.45,333.45
2023-12-07,332.95,333.96,331.42,332.67
2023-12-08,335.33,337.27,334.91,336.6
2023-12-11,337.68,338.21,335.77,337.93
2023-12-12,339.42,340.69,338.81,339.77
2023-12-13,339.09,339.46,336.54,336.68
2023-12-14,341.97,342.68,339.39,341.33
2023-12-15,343.43,345.68,342.94,343.99
2023-12-18,344.36,344.51,342.23,343.5
2023-12-19,343.18,344.15,342.17,343.95
2023-12-20,346.67,350.4,346.22,350.11
2023-12-21,348.25,349.78,346.7,348.78
2023-12-22,351.68,352.33,349.15,349.15
2023-12-26,350.57,351.16,349.0,350.43
2023-12-27,350.05,352.46,348.93,352.46
2023-12-28,352.75,357.99,352.01,357.99
2024-01-02,356.43,361.53,355.96,360.55
2024-01-03,356.74,356.82,351.2,351.2
2024-01-04,349.1,350.76,347.13,348.07
2024-01-05,348.22,348.87,346.32,347.22
2024-01-08,348.17,349.39,345.48,345.58
2024-01-09,350.01,350.2,343.0,343.81
2024-01-10,344.21,345.06,340.26,340.66
2024-01-11,340.32,342.79,339.93,340.28
2024-01-12,339.79,341.05,337.22,338.22
2024-01-15,338.61,340.54,337.66,339.24
2024-01-16,337.76,338.74,334.22,334.73
2024-01-17,335.51,336.06,326.06,326.11
2024-01-18,326.88,328.78,325.1,327.13
2024-01-19,331.6,333.27,330.63,332.99
2024-01-22,335.76,336.15,332.63,332.63
2024-01-23,334.87,335.12,332.23,334.97
2024-01-24,334.45,334.66,331.01,333.27
2024-01-25,333.2,334.19,331.37,333.8
2024-01-26,331.99,337.67,331.28,334.21
2024-01-29,335.68,340.51,334.66,337.84
2024-01-30,340.96,341.62,337.08,337.48
2024-01-31,335.5,337.2,335.15,336.24
2024-02-01,335.89,342.48,335.89,342.41
2024-02-02,345.1,353.44,344.94,353.43
2024-02-05,352.7,352.96,344.95,349.15
2024-02-06,348.23,350.43,345.52,347.8
2024-02-07,349.8,354.71,348.96,352.25
2024-02-08,353.44,354.96,352.0,353.29
2024-02-13,356.85,358.68,356.1,357.38
2024-02-14,351.52,353.77,350.62,352.69
2024-02-15,355.83,356.02,351.21,351.21
2024-02-16,354.19,355.58,352.17,355.52
2024-02-19,356.4,361.32,356.4,360.88
2024-02-20,359.53,359.92,355.07,356.92
2024-02-21,357.07,358.81,354.69,356.04
2024-02-22,358.87,358.97,355.86,357.67
2024-02-23,360.4,362.72,358.18,358.57
2024-02-26,356.75,357.14,352.91,355.48
2024-02-27,356.39,356.42,352.02,352.76
2024-02-28,353.06,357.51,352.31,356.79
2024-02-29,355.38,356.46,353.29,355.57
2024-03-04,358.99,361.98,358.48,361.1
2024-03-05,359.39,362.54,357.59,357.59
2024-03-06,356.01,357.25,354.52,356.25
2024-03-07,357.8,358.61,354.96,356.82
2024-03-08,360.87,362.72,360.01,361.71
2024-03-11,359.31,360.94,358.2,358.34
2024-03-12,359.95,362.0,357.88,361.11
2024-03-13,363.15,364.43,361.26,363.04
2024-03-14,363.85,366.68,363.5,366.68
2024-03-15,364.12,364.67,359.39,359.39
2024-03-18,360.74,361.77,358.53,361.31
2024-03-19,359.03,359.07,355.51,357.33
2024-03-20,361.07,363.58,359.93,363.32
2024-03-21,369.97,373.82,368.82,373.66
2024-03-22,373.27,375.1,370.71,372.65
2024-03-25,373.69,375.23,369.77,370.73
2024-03-26,373.77,377.83,373.18,374.6
2024-03-27,372.58,375.33,372.48,374.08
2024-03-28,373.78,374.8,372.23,373.22
2024-03-29,375.04,375.56,372.77,374.63
2024-04-01,377.66,378.29,374.19,374.28
2024-04-02,374.16,377.29,373.44,376.34
2024-04-03,373.09,373.63,369.72,369.72
2024-04-04,374.45,376.2,373.39,375.61
2024-04-05,371.51,374.13,370.2,371.57
2024-04-08,372.62,373.96,371.6,372.51
2024-04-09,374.66,375.47,369.96,370.27
2024-04-11,364.53,372.49,364.18,370.72
2024-04-12,371.2,371.43,366.48,367.25
2024-04-15,364.28,365.74,361.01,365.31
2024-04-16,361.51,362.05,355.2,356.67
2024-04-17,358.21,359.11,352.79,352.79
2024-04-18,354.25,360.33,353.48,359.06
2024-04-19,353.9,355.37,347.12,352.58
2024-04-22,355.68,357.48,353.72,356.89
2024-04-23,357.56,358.83,355.86,355.98
2024-04-24,361.66,364.07,361.34,363.6
2024-04-25,359.05,360.57,356.51,356.51
2024-04-26,360.18,362.08,358.98,361.02
2024-04-29,363.71,364.73,362.13,364.48
2024-04-30,365.17,367.94,364.2,365.13
2024-05-01,365.17,367.94,364.2,365.13
2024-05-02,363.37,365.69,363.37,364.31
2024-05-03,367.57,367.91,363.58,363.58
2024-05-07,370.06,372.8,369.85,372.8
2024-05-08,372.32,374.12,371.58,374.09
2024-05-09,373.7,374.46,368.76,368.83
2024-05-10,372.73,373.8,370.41,371.08
2024-05-13,372.1,373.04,368.79,370.99
2024-05-14,371.69,372.12,369.9,371.04
2024-05-16,377.33,378.05,373.93,374.6
2024-05-17,374.43,374.69,370.46,370.58
2024-05-20,373.2,375.7,372.22,373.68
2024-05-21,372.39,373.07,370.9,371.55
2024-05-22,371.14,372.69,368.72,371.41
2024-05-23,370.85,373.72,368.9,371.62
2024-05-24,367.35,367.69,365.27,366.08
2024-05-27,366.98,371.86,366.29,371.16
2024-05-28,369.71,372.34,369.58,371.33
2024-05-29,371.04,371.53,364.96,364.96
2024-05-30,363.33,363.51,358.7,358.7
2024-05-31,362.02,362.81,358.12,358.21
2024-06-03,361.66,367.01,361.61,365.48
2024-06-04,363.37,365.07,362.23,362.52
2024-06-05,365.64,367.76,363.39,366.44
2024-06-07,370.8,372.81,368.57,371.39
2024-06-10,367.76,370.35,366.35,367.46
2024-06-11,369.61,369.9,367.15,367.71
2024-06-12,368.43,371.71,367.9,371.12
2024-06-13,376.93,378.81,374.65,374.75
2024-06-14,375.76,377.68,374.5,376.0
2024-06-17,375.42,376.57,373.32,373.86
2024-06-18,377.07,378.72,376.12,377.73
2024-06-19,381.28,383.72,381.21,383.01
2024-06-20,383.86,385.76,382.66,384.78
2024-06-21,382.37,382.92,379.65,380.88
2024-06-24,378.92,380.47,377.15,378.39
2024-06-25,378.12,380.94,378.12,379.85
2024-06-26,378.52,383.06,377.87,383.01
2024-06-27,378.98,382.27,378.06,382.27
2024-06-28,383.5,384.02,381.49,384.02
2024-07-01,383.1,384.75,382.07,384.34
2024-07-02,383.33,384.66,380.74,381.2
2024-07-03,383.18,383.48,379.89,383.23
2024-07-04,386.82,388.53,385.91,388.53
2024-07-05,390.51,396.42,390.49,395.47
2024-07-08,395.62,396.9,394.02,394.47
2024-07-09,396.59,396.92,393.31,395.79
2024-07-10,395.01,396.08,394.02,395.6
2024-07-11,398.82,400.31,396.69,398.52
2024-07-12,394.49,395.23,390.43,392.29
2024-07-15,394.09,395.39,391.39,393.84
2024-07-16,393.8,396.18,393.2,395.31
2024-07-17,394.93,395.48,391.22,391.55
2024-07-18,385.24,389.0,384.53,389.0
2024-07-19,385.02,385.71,381.21,383.89
2024-07-22,383.44,384.25,378.06,379.84
2024-07-23,383.8,384.91,380.4,381.65
2024-07-24,378.58,381.95,377.38,378.66
2024-07-25,372.91,374.0,370.53,371.26
2024-07-26,373.44,375.19,371.74,374.2
2024-07-29,376.85,380.44,375.87,378.73
2024-07-30,375.39,376.47,373.54,374.87
2024-07-31,376.01,380.49,374.01,380.49
2024-08-01,383.68,384.54,380.47,380.54
2024-08-02,371.76,372.84,363.89,365.17
2024-08-05,355.28,355.28,324.52,331.86
2024-08-06,345.63,350.72,338.2,341.73
2024-08-07,340.91,352.72,340.08,349.09
2024-08-08,343.26,348.89,341.56,346.7
2024-08-09,353.82,353.86,349.73,351.52
2024-08-12,353.64,356.6,353.25,355.61
2024-08-13,356.97,358.69,354.7,357.02
2024-08-14,361.11,362.07,358.88,360.39
2024-08-16,368.35,369.36,366.27,369.11
2024-08-19,369.09,369.13,364.01,365.52
2024-08-20,369.39,370.67,367.64,368.99
2024-08-21,367.09,369.02,366.53,368.22
2024-08-22,369.71,369.81,366.64,369.1
2024-08-23,366.78,369.79,366.4,367.91
2024-08-26,370.01,370.36,365.26,366.31
2024-08-27,365.94,366.35,363.62,364.56
2024-08-28,364.76,365.4,362.06,365.28
2024-08-29,359.58,361.59,358.23,360.1
2024-08-30,362.21,363.55,361.11,361.55
2024-09-02,362.57,363.1,358.39,362.09
2024-09-03,362.0,363.87,358.8,358.8
2024-09-04,348.19,351.04,346.3,346.66
2024-09-05,348.96,351.36,344.09,345.92
2024-09-06,346.14,346.25,340.08,342.37
2024-09-09,335.79,341.44,334.57,340.18
2024-09-10,340.68,341.5,338.15,338.48
2024-09-11,338.08,338.32,332.72,335.65
2024-09-12,340.94,343.85,339.23,343.85
2024-09-13,343.47,345.27,342.05,343.69
2024-09-19,345.58,346.24,338.56,343.28
2024-09-20,346.77,348.89,344.54,344.67
2024-09-23,345.01,346.14,343.67,345.78
2024-09-24,347.19,349.61,344.75,349.61
2024-09-25,352.51,354.09,344.56,344.56
2024-09-26,350.68,356.44,350.44,356.44
2024-09-27,356.93,358.71,353.93,353.93
2024-09-30,355.83,356.29,344.76,344.76
2024-10-02,340.76,344.83,339.53,340.72
2024-10-04,341.09,344.29,339.88,341.74
2024-10-07,342.63,347.75,340.19,347.34
2024-10-08,344.73,345.87,342.89,344.23
2024-10-10,347.02,347.55,344.82,345.21
2024-10-11,347.17,348.77,345.17,345.45
2024-10-14,346.48,350.56,346.48,349.74
2024-10-15,351.04,351.46,348.66,351.07
2024-10-16,346.34,349.11,345.54,347.26
2024-10-17,348.84,349.18,346.32,347.73
2024-10-18,348.59,349.24,344.72,345.42
2024-10-21,346.25,348.62,345.12,346.62
2024-10-22,346.16,346.73,341.55,342.09
2024-10-23,342.44,347.75,341.24,346.27
2024-10-24,344.61,345.97,342.67,342.88
2024-10-25,345.04,347.25,342.34,343.37
2024-10-28,344.07,347.53,343.74,347.27
2024-10-29,346.59,348.28,344.56,348.28
2024-10-30,346.65,347.79,343.85,345.0
2024-10-31,342.2,343.3,339.18,339.32
2024-11-01,337.56,339.93,336.58,337.49
2024-11-04,338.42,343.6,337.8,343.6
2024-11-05,340.72,342.88,339.78,341.47
2024-11-06,343.52,343.81,337.61,340.61
2024-11-07,339.69,343.02,337.76,340.87
2024-11-08,343.78,344.56,338.82,339.71
2024-11-11,338.62,338.62,333.76,334.64
2024-11-12,333.67,334.3,327.07,327.31
2024-11-13,325.38,327.2,318.58,318.84
2024-11-14,320.32,321.87,316.99,317.7
2024-11-15,318.19,322.58,316.14,320.53
2024-11-18,324.74,330.32,324.07,328.44
2024-11-19,328.17,329.76,327.25,328.11
2024-11-20,328.73,330.33,327.58,329.02
2024-11-21,327.74,331.81,327.67,329.49
2024-11-22,331.2,334.0,330.84,332.36
2024-11-25,335.66,337.81,334.14,336.63
2024-11-26,334.79,336.16,334.08,335.6
2024-11-27,334.85,335.63,331.56,332.32
2024-11-28,331.6,333.27,330.89,331.45
2024-11-29,330.18,330.3,323.55,325.45
2024-12-02,328.47,328.89,324.49,325.34
2024-12-03,327.45,331.6,327.45,331.44
2024-12-04,324.38,329.01,323.9,326.59
2024-12-05,327.44,327.44,322.8,323.87
2024-12-06,325.18,326.21,317.7,322.07
2024-12-09,317.3,318.7,313.51,313.74
2024-12-10,317.02,321.11,317.0,320.79
2024-12-11,319.56,323.99,319.36,323.86
2024-12-12,325.84,330.1,324.79,329.04
2024-12-13,328.14,331.67,327.46,330.49
2024-12-16,332.92,333.59,328.63,329.61
2024-12-17,329.25,329.38,324.9,325.25
2024-12-18,326.0,330.9,325.9,329.72
2024-12-19,321.42,324.37,321.11,322.38
2024-12-20,321.38,321.8,315.82,318.33
2024-12-23,321.0,324.0,319.77,322.98
2024-12-24,324.11,324.5,321.86,323.39
2024-12-26,324.48,324.48,321.42,321.45
2024-12-27,320.24,321.3,316.91,319.03
2024-12-30,318.13,322.2,316.94,317.82
2025-01-02,317.68,319.01,315.82,317.77
2025-01-03,318.26,326.06,318.04,324.0
2025-01-06,325.82,331.61,324.89,331.52
2025-01-07,335.46,336.6,330.89,330.89
2025-01-08,328.98,336.02,328.98,334.95
2025-01-09,336.11,338.12,334.77,335.4
2025-01-10,336.6,337.61,333.39,334.55
2025-01-13,333.1,334.1,329.53,330.31
2025-01-14,331.46,332.12,328.85,330.74
2025-01-15,332.83,335.11,330.28,330.97
2025-01-16,335.7,336.72,334.64,335.73
2025-01-17,334.71,336.14,333.29,335.09
2025-01-20,336.31,336.79,333.42,333.94
2025-01-21,336.12,338.7,333.02,334.44
2025-01-22,336.95,339.51,335.19,338.76
2025-01-23,337.56,337.81,334.5,334.5
2025-01-24,336.17,338.18,335.18,336.74
2025-01-31,336.45,337.15,330.2,333.36
2025-02-03,326.44,326.8,322.31,324.55
2025-02-04,328.58,332.75,327.27,328.72
2025-02-05,332.05,333.66,330.96,332.47
2025-02-06,334.31,336.53,332.98,336.53
2025-02-07,335.92,336.36,333.41,333.89
2025-02-10,332.06,335.34,330.65,334.5
2025-02-11,335.94,338.11,334.82,336.67
2025-02-12,335.79,337.65,334.49,337.23
2025-02-13,338.53,341.09,337.93,341.06
2025-02-14,341.88,344.14,341.29,342.76
2025-02-17,343.29,345.56,342.75,345.11
2025-02-18,345.67,348.28,344.51,347.84
2025-02-19,349.03,355.86,349.03,354.53
2025-02-20,353.35,354.3,350.78,352.15
2025-02-21,352.17,352.23,349.55,351.92
2025-02-24,348.98,349.9,347.41,349.9
2025-02-25,345.83,349.23,345.58,347.54
2025-02-26,347.44,350.51,346.25,349.31
2025-02-27,348.52,348.91,344.95,346.45
2025-02-28,341.16,341.57,334.06,334.27
2025-03-04,332.58,336.57,331.67,334.02
2025-03-05,336.89,338.77,334.25,337.08
2025-03-06,339.16,341.09,338.07,340.31
2025-03-07,336.91,340.07,335.39,338.42
2025-03-10,337.12,340.26,336.54,338.79
2025-03-11,331.64,336.4,330.22,334.96
2025-03-12,337.02,341.53,335.64,340.89
2025-03-13,344.28,344.98,339.23,341.42
2025-03-14,340.23,342.12,339.9,340.8
2025-03-17,343.99,348.26,343.99,348.19
2025-03-18,350.81,352.35,346.96,347.84
2025-03-19,347.9,352.84,347.85,350.85
2025-03-20,353.71,354.7,351.14,353.5
2025-03-21,353.58,355.39,351.73,355.18
2025-03-24,353.72,355.94,352.7,353.24
2025-03-25,356.13,356.48,350.69,351.09
2025-03-26,352.78,355.56,351.64,355.0
2025-03-27,351.4,353.55,349.63,350.26
2025-03-28,347.55,347.77,341.76,342.96
2025-03-31,336.95,337.16,332.22,332.4
2025-04-01,336.72,339.68,334.35,338.22
2025-04-02,338.76,339.71,335.43,336.26
2025-04-03,326.22,332.96,326.22,332.92
2025-04-04,327.37,335.11,324.84,328.67
2025-04-07,313.52,315.3,309.4,309.6
2025-04-08,317.07,317.43,309.25,310.03
2025-04-09,309.23,310.9,303.41,304.53
2025-04-10,318.62,325.08,318.13,325.08
2025-04-11,318.72,322.68,317.73,322.32
2025-04-14,325.52,327.25,324.58,325.33
2025-04-15,326.62,329.09,326.4,328.14
2025-04-16,326.99,327.5,322.81,323.53
2025-04-17,324.08,326.82,323.28,326.3
2025-04-18,326.42,328.89,325.81,328.35
2025-04-21,328.76,330.88,327.8,329.31
2025-04-22,328.14,330.1,327.38,328.61
2025-04-23,333.51,334.2,331.72,333.94
2025-04-24,333.87,334.74,331.54,333.72
2025-04-25,336.85,338.07,335.47,336.87
2025-04-28,337.25,338.32,336.07,337.08
2025-04-29,337.48,340.57,336.43,339.06
2025-04-30,338.62,340.17,336.71,338.74
2025-05-02,338.67,339.88,336.14,338.79
2025-05-07,341.28,342.37,339.24,341.31
2025-05-08,342.44,343.55,341.43,341.47
2025-05-09,342.77,343.14,340.62,341.49
2025-05-12,343.93,347.08,343.08,347.08
2025-05-13,346.52,349.18,346.22,347.17
2025-05-14,350.06,353.0,349.25,351.79
2025-05-15,350.89,352.6,348.63,349.16
2025-05-16,350.56,351.23,349.34,350.45
2025-05-19,348.38,348.86,345.08,346.57
2025-05-20,349.43,350.04,346.39,347.02
2025-05-21,349.15,351.03,348.66,349.38
2025-05-22,347.66,348.02,343.93,344.8
2025-05-23,346.43,346.87,344.81,345.28
2025-05-26,346.07,352.11,345.53,352.11
2025-05-27,349.95,351.84,349.37,351.28
2025-05-28,353.06,359.46,352.26,356.36
2025-05-29,359.51,363.29,358.61,363.08
2025-05-30,361.91,362.84,358.81,359.62
2025-06-02,358.76,362.96,357.68,359.69
2025-06-04,365.51,369.95,364.86,369.9
2025-06-05,372.72,379.6,372.35,376.54
2025-06-09,381.25,385.03,380.93,382.99
2025-06-10,385.4,386.81,381.71,384.79
2025-06-11,387.12,390.02,386.14,389.79
2025-06-12,390.11,393.02,389.46,390.62
2025-06-13,392.55,392.88,385.05,387.3
2025-06-16,388.7,394.4,386.16,394.16
2025-06-17,395.82,402.33,392.45,395.18
2025-06-18,392.64,399.94,392.64,398.86
2025-06-19,401.62,402.54,396.33,399.29
2025-06-20,400.69,405.37,399.0,405.32
2025-06-23,400.85,405.25,397.91,404.32
2025-06-24,411.42,418.14,411.23,417.76
2025-06-25,421.65,422.01,415.64,419.51
2025-06-26,419.73,420.6,409.86,415.66
2025-06-27,415.36,417.82,410.56,412.72
2025-06-30,415.28,416.98,413.17,414.6
2025-07-01,417.11,423.07,416.21,416.26
2025-07-02,415.4,416.57,408.59,414.43
2025-07-03,418.31,420.94,416.12,420.94
2025-07-04,422.24,422.56,412.3,412.74
2025-07-07,410.69,414.53,408.89,413.02
2025-07-08,414.79,421.47,413.97,421.22
2025-07-09,421.74,423.01,419.33,422.02
2025-07-10,423.43,428.42,421.88,428.42
2025-07-11,429.03,433.96,427.08,428.07
2025-07-14,428.21,432.52,427.28,432.49
2025-07-15,431.04,434.9,429.54,434.78
2025-07-16,433.77,434.08,429.64,431.16
2025-07-17,432.72,432.87,425.99,431.64
2025-07-18,432.83,433.76,428.53,431.1
2025-07-21,431.6,434.97,431.26,434.56
2025-07-22,434.41,436.06,426.15,428.05
2025-07-23,430.72,432.16,424.17,430.04
2025-07-24,433.62,437.02,429.06,430.03
2025-07-25,429.49,432.2,429.34,430.78
2025-07-28,435.04,435.07,428.16,433.37
2025-07-29,430.77,436.17,427.23,435.84
2025-07-30,436.4,442.14,436.02,439.81
2025-07-31,442.53,444.33,436.16,438.6
2025-08-01,432.75,432.81,420.42,420.72
2025-08-04,420.23,426.37,418.85,424.79
2025-08-05,430.62,433.68,428.03,431.25
2025-08-06,428.9,431.11,427.89,430.68
2025-08-07,433.4,435.35,430.86,435.35
2025-08-08,434.44,436.04,431.62,433.47
2025-08-11,434.93,435.21,432.13,433.29
2025-08-12,434.11,438.99,431.54,431.63
2025-08-13,436.93,437.21,432.24,436.92
2025-08-14,436.93,438.66,434.52,436.57
2025-08-18,433.01,433.23,429.17,429.19
2025-08-19,430.28,430.6,424.77,426.18
2025-08-20,422.21,424.14,416.91,423.66
2025-08-21,425.12,428.31,424.15,424.41
2025-08-22,428.0,430.31,426.94,428.5
2025-08-25,431.84,433.89,429.9,433.89
2025-08-26,432.13,432.18,428.74,429.41
2025-08-27,429.86,430.44,427.07,430.31
2025-08-28,428.34,434.21,426.75,431.81
2025-08-29,433.69,434.36,429.95,430.12
2025-09-01,426.31,428.31,422.19,423.33
2025-09-02,424.98,428.65,424.78,428.15
2025-09-03,428.83,430.56,427.37,430.37
2025-09-04,430.42,433.03,430.1,432.32
2025-09-05,433.78,434.55,431.78,432.86
2025-09-08,433.95,435.14,432.87,434.85
2025-09-09,436.17,441.28,435.02,441.28
2025-09-10,443.28,450.76,442.95,450.05
2025-09-11,453.39,454.78,449.42,454.0
2025-09-12,459.26,462.76,457.54,462.74
2025-09-15,465.3,467.44,462.34,464.65
2025-09-16,466.88,473.35,466.3,472.85
2025-09-17,469.81,469.94,465.48,466.99
2025-09-18,470.02,475.34,468.51,475.34
2025-09-19,475.59,477.13,471.85,473.44
2025-09-22,476.34,480.38,475.97,478.29
2025-09-23,482.08,482.92,478.51,481.54
2025-09-24,482.1,483.61,475.65,480.39
2025-09-25,477.72,481.74,477.17,480.63
2025-09-26,475.84,476.38,464.83,468.03
2025-09-29,472.11,476.57,471.8,475.22
2025-09-30,476.34,477.35,473.51,474.03
2025-10-01,477.16,479.81,476.49,479.37
2025-10-02,491.25,498.22,489.53,493.41
2025-10-06,491.25,493.41,493.41,493.41
2025-10-10,504.2,508.52,500.49,506.97
2025-10-13,496.45,501.87,492.46,501.87
2025-10-14,505.46,511.59,493.06,496.89
2025-10-15,499.89,511.13,499.21,510.55
2025-10-16,513.17,524.45,513.08,524.45
2025-10-17,522.18,532.28,520.58,525.48
2025-10-20,529.82,535.28,522.07,535.28
2025-10-21,540.75,546.96,534.23,535.28
2025-10-22,534.98,542.59,529.59,542.59
2025-10-23,534.75,545.12,532.84,536.37
2025-10-24,543.65,551.51,542.68,550.01
2025-10-27,558.99,565.79,558.6,565.69
2025-10-28,560.19,561.5,554.75,559.51
2025-10-29,567.44,571.97,560.25,571.51
2025-10-30,574.75,582.25,571.79,575.21
2025-10-31,575.08,581.25,570.91,579.46
2025-11-03,580.81,599.05,580.73,599.03
2025-11-04,598.0,599.47,581.41,581.94
2025-11-05,571.41,571.41,543.86,565.4
2025-11-06,578.79,581.35,562.2,568.38
2025-11-07,558.74,570.79,548.34,557.98
2025-11-10,564.02,578.77,562.63,575.31
2025-11-11,583.58,594.12,575.15,581.41
2025-11-12,579.17,588.07,577.51,586.73
2025-11-13,583.38,591.98,582.82,588.65
2025-11-14,571.98,576.37,563.42,563.43
2025-11-17,574.43,576.85,569.9,576.65
2025-11-18,569.37,573.9,556.15,556.45
2025-11-19,557.76,557.88,541.85,552.66
2025-11-20,569.22,573.29,563.7,564.2
2025-11-21,550.07,550.88,538.04,540.36
2025-11-24,550.52,551.9,539.52,540.81
2025-11-25,556.54,557.61,540.82,544.62
2025-11-26,549.12,559.48,545.08,559.37
2025-11-27,564.24,569.77,560.23,563.36
2025-11-28,564.36,564.36,553.48,554.0
2025-12-01,560.57,562.11,549.03,553.96
2025-12-02,556.85,566.03,556.02,565.72
2025-12-03,567.89,573.84,564.19,570.79
2025-12-04,567.36,569.76,562.52,569.75
2025-12-05,568.41,580.81,565.48,580.81
2025-12-08,581.89,589.17,577.3,589.17
2025-12-09,585.3,588.43,582.63,585.76
2025-12-10,588.23,591.74,583.64,585.52
2025-12-11,589.39,591.32,579.83,580.16
2025-12-12,581.71,588.71,581.14,587.93
2025-12-15,570.01,579.52,569.39,574.49
2025-12-16,574.54,575.5,561.33,561.52
2025-12-17,564.59,573.54,561.4,572.62
2025-12-18,563.33,570.54,562.1,565.65
2025-12-19,575.27,575.27,566.19,568.4
2025-12-22,580.63,582.73,578.85,582.73
2025-12-23,585.43,588.56,583.55,584.64
2025-12-24,587.37,588.03,583.86,584.21
2025-12-26,587.89,592.2,586.92,590.08
2025-12-29,594.65,605.69,594.44,605.69
2025-12-30,601.72,608.4,600.67,605.98
2026-01-02,607.66,624.87,607.39,624.17
2026-01-05,638.01,648.74,636.46,648.74
2026-01-06,645.59,659.45,637.0,659.45
2026-01-07,667.22,674.86,653.93,664.48
2026-01-08,660.52,677.27,659.96,664.18
2026-01-09,659.63,670.32,654.79,668.25
2026-01-12,676.95,678.91,664.05,672.86
2026-01-13,678.34,681.24,673.13,680.71
2026-01-14,679.26,685.76,677.64,685.76
2026-01-15,682.52,696.39,681.68,696.39
2026-01-16,699.71,706.94,696.49,704.64
2026-01-19,702.23,716.58,702.02,713.96
2026-01-20,713.22,716.96,699.93,708.48
2026-01-21,696.91,715.63,696.83,714.94
2026-01-22,728.23,733.98,718.7,722.3
2026-01-23,726.8,732.53,717.12,727.29
2026-01-26,728.49,732.66,719.04,720.04
2026-01-27,717.36,745.13,711.51,745.13
2026-01-28,753.98,761.58,749.77,758.72
2026-01-29,771.32,773.18,743.16,765.59
2026-01-30,763.87,784.61,763.46,768.41
2026-02-02,752.06,764.14,723.51,725.46
2026-02-03,751.94,779.54,750.05,779.54
2026-02-04,773.48,791.66,770.47,790.38
2026-02-05,769.61,778.62,753.8,756.95
2026-02-06,734.22,753.39,718.27,748.1
2026-02-09,782.04,784.97,775.96,780.94
2026-02-10,788.76,791.68,779.69,780.76
2026-02-11,778.25,792.23,772.41,788.75
2026-02-12,800.15,816.28,796.36,816.28
2026-02-13,815.97,827.14,811.16,814.59
2026-02-19,836.12,841.95,830.57,840.24
2026-02-20,842.56,860.22,839.98,859.59
2026-02-23,874.93,879.85,856.9,865.49
2026-02-24,866.44,886.95,855.13,886.88
2026-02-25,895.38,913.67,888.96,903.83
2026-02-26,910.73,945.17,908.12,944.02
2026-02-27,924.59,951.62,918.77,933.34
2026-03-03,921.46,922.03,859.3,859.4
2026-03-04,827.46,845.52,751.45,756.79
2026-03-05,775.83,855.65,775.26,831.22
2026-03-06,815.04,833.08,797.9,828.83
2026-03-09,777.67,786.66,751.42,775.31
2026-03-10,820.11,833.94,806.41,823.02
2026-03-11,842.21,854.96,825.81,834.05
2026-03-12,826.36,836.64,819.77,827.51
2026-03-13,800.34,821.54,797.11,812.93
2026-03-16,817.51,828.38,809.06,826.83
2026-03-17,853.4,854.39,839.5,840.89
2026-03-18,861.48,890.41,860.77,888.57
2026-03-19,861.23,878.88,857.73,862.37
2026-03-20,869.58,871.86,859.83,862.5
2026-03-23,829.96,829.96,803.42,804.86
2026-03-24,841.92,842.94,803.08,827.64
2026-03-25,847.46,857.63,837.43,838.7
2026-03-26,829.6,830.62,807.13,808.89
2026-03-27,783.41,809.78,772.21,805.19
2026-03-30,765.53,783.3,761.08,780.32
2026-03-31,757.62,772.81,743.29,744.57
2026-04-01,789.35,819.67,780.98,813.84
2026-04-02,825.52,829.81,764.34,774.63
2026-04-03,797.34,804.95,788.39,798.32
2026-04-06,806.59,820.23,804.43,811.84
2026-04-07,829.9,836.08,809.26,821.1
2026-04-08,872.13,892.17,866.77,882.81
2026-04-09,874.49,879.98,862.13,865.75
2026-04-10,882.3,890.08,877.3,878.78
2026-04-13,857.95,874.35,857.01,870.78
2026-04-14,895.98,907.4,891.74,897.0
2026-04-15,926.1,933.04,912.4,916.6
2026-04-16,925.05,938.87,920.93,937.87
2026-04-17,938.0,938.98,926.77,931.41
2026-04-20,935.02,945.91,929.08,935.75
2026-04-21,949.37,962.47,949.24,962.26
2026-04-22,961.97,966.08,949.42,964.52
2026-04-23,975.5,989.88,948.19,975.62
2026-04-24,978.27,981.72,960.09,971.87
2026-04-27,980.35,1002.78,980.02,995.33
2026-04-28,1000.71,1011.6,995.35,999.03
2026-04-29,994.38,1009.87,991.46,1006.59
2026-04-30,1015.18,1017.96,991.91,992.15
2026-05-04,1022.41,1049.87,1014.85,1049.66
2026-05-06,1076.73,1137.23,1076.73,1129.63
2026-05-07,1150.18,1156.72,1110.37,1149.86
2026-05-08,1124.95,1153.8,1120.24,1151.17
2026-05-11,1201.01,1226.18,1192.24,1211.44
2026-05-12,1233.82,1241.39,1148.24,1183.41
2026-05-13,1158.87,1222.53,1143.13,1220.17
2026-05-14,1223.66,1246.61,1220.36,1243.17
2026-05-15,1236.66,1253.67,1143.19,1162.39
2026-05-18,1154.84,1193.32,1109.59,1171.3
2026-05-19,1154.09,1159.13,1110.81,1132.42
2026-05-20,1141.57,1142.24,1097.82,1125.51
2026-05-21,1171.1,1226.59,1170.63,1225.22
2026-05-22,1232.73,1235.4,1214.77,1226.03
2026-05-26,1262.2,1274.96,1252.13,1260.53
2026-05-27,1296.31,1340.85,1291.71,1298.86
2026-05-28,1287.18,1305.67,1235.32,1292.57
2026-05-29,1327.15,1343.14,1310.59,1342.82
2026-06-01,1344.09,1412.58,1343.96,1399.91
2026-06-02,1419.07,1430.49,1353.19,1407.23
2026-06-04,1374.74,1402.04,1367.15,1379.56
2026-06-05,1323.25,1338.13,1278.65,1297.02
2026-06-08,1282.81,1282.81,1177.72,1186.54
2026-06-09,1221.75,1297.79,1206.94,1293.4
2026-06-10,1258.44,1274.61,1197.04,1227.12
2026-06-11,1190.75,1243.45,1171.45,1231.54
2026-06-12,1317.78,1345.97,1285.48,1291.32
2026-06-15,1360.33,1370.94,1346.15,1360.26
2026-06-16,1386.42,1396.59,1357.84,1391.74
2026-06-17,1372.13,1418.39,1370.26,1416.97
2026-06-18,1420.99,1466.74,1420.95,1459.23
2026-06-19,1499.31,1518.11,1423.84,1459.48
2026-06-22,1442.16,1500.12,1434.1,1477.22
2026-06-23,1470.75,1487.31,1320.8,1321.7
2026-06-24,1348.99,1389.53,1300.92,1369.62
2026-06-25,1408.25,1473.83,1405.73,1454.15
2026-06-26,1433.15,1441.9,1318.56,1366.49
2026-06-29,1352.07,1377.12,1311.25,1352.54
2026-06-30,1356.86,1404.1,1325.41,1370.73
2026-07-01,1388.86,1396.54,1309.84,1335.36
2026-07-02,1269.77,1304.45,1213.66,1219.62
2026-07-03,1235.2,1308.19,1176.04,1299.3
2026-07-06,1316.14,1341.16,1253.99,1293.13
2026-07-07,1271.07,1278.15,1180.72,1225.57
2026-07-08,1190.6,1251.83,1149.71,1158.37
2026-07-09,1202.01,1212.49,1130.56,1169.73
2026-07-10,1214.66,1236.84,1188.54,1196.69
2026-07-13,1185.03,1204.96,1074.29,1078.78
2026-07-14,1073.0,1112.5,1020.62,1092.23
2026-07-15,1129.73,1189.29,1129.41,1163.9
2026-07-16,1106.26,1111.32,1067.14,1080.36
2026-07-20,1051.25,1083.43,1024.77,1032.52
2026-07-21,1038.95,1089.08,1018.67,1073.39
2026-07-22,1125.36,1143.93,1079.09,1080.22
2026-07-23,1109.11,1129.67,1093.73,1126.33
2026-07-24,1110.62,1110.62,1048.54,1055.58
2026-07-27,1076.67,1077.01,1034.06,1069.22
2026-07-28,1008.69,1011.79,941.08,945.69
2026-07-29,957.46,982.09,818.98,887.2
2026-07-30,891.08,938.15,863.04,872.49
2026-07-31,880.79,1053.39,877.06,1046.81
2026-08-03,1005.4,1013.07,981.48,986.72
2026-08-04,1002.75,1009.09,953.87,1000.03
2026-08-05,1042.4,1053.19,1029.11,1038.59
2026-08-06,1016.93,1028.69,975.74,982.92
2026-08-07,994.75,1004.61,960.79,974.73
2026-08-10,982.71,998.62,967.33,977.84
2026-08-11,967.57,998.29,962.94,987.4
2026-08-12,1002.58,1045.31,998.71,1029.43
2026-08-13,1063.04,1084.0,1060.23,1071.24
2026-08-14,1103.18,1105.09,1077.08,1098.18
2026-08-18,1125.72,1142.97,1068.52,1082.0
2026-08-19,1023.7,1037.25,1003.46,1012.61
2026-08-20,1049.11,1089.92,1033.72,1080.98
2026-08-21,1066.22,1103.8,1063.52,1096.25
2026-08-24,1089.64,1089.73,1048.13,1054.01
2026-08-25,1025.65,1061.9,1005.77,1060.68
2026-08-26,1058.12,1085.96,1053.23,1071.16
2026-08-27,1103.76,1104.63,1076.99,1088.61
2026-08-28,1077.74,1088.07,1064.78,1065.7
2026-08-31,1036.58,1071.88,1025.92,1071.85
2026-09-01,1065.37,1079.91,1056.64,1075.3
2026-09-02,1040.43,1053.2,1030.77,1031.53
2026-09-03,1046.17,1050.77,1009.7,1032.82
2026-09-04,1045.4,1062.76,1041.46,1051.52
2026-09-07,1090.72,1105.19,1083.21,1105.19
2026-09-08,1113.02,1137.39,1099.15,1100.08
2026-09-09,1102.39,1127.02,1101.86,1114.61
2026-09-10,1113.43,1119.68,1089.8,1112.13
2026-09-11,1073.46,1096.81,1073.43,1090.22
2026-09-14,1052.91,1066.64,1046.27,1050.83
2026-09-15,1047.75,1057.71,1034.63,1042.46
2026-09-16,1039.81,1060.05,1037.9,1060.05
2026-09-17,1070.27,1074.76,1055.19,1058.27
2026-09-18,1087.24,1093.33,1078.05,1090.23
2026-09-21,1097.76,1115.89,1097.68,1112.16
2026-09-22,1138.2,1141.18,1107.73,1113.3
2026-09-23,1137.29,1137.56,1114.46,1126.12
2026-09-28,1121.1,1123.34,1089.26,1089.28
2026-09-29,1082.06,1093.79,1073.61,1088.15
2026-09-30,1100.09,1104.62,1078.5,1081.82
2026-10-01,1077.35,1104.48,1068.45,1104.48
2026-10-02,1098.33,1110.75,1095.99,1109.05
2026-10-06,1114.98,1115.52,1089.26,1095.83
2026-10-07,1082.2,1104.75,1073.62,1073.63
2026-10-08,1074.98,1076.7,1044.52,1044.52
